food,shelf_life_days,storage,quantity,days_since_purchase,usage_frequency,previous_unused_count,shelf_life_usage_ratio,waste_risk
milk,5,refrigerator,4,6,0,2,1.2,HIGH
spinach,5,refrigerator,5,10,4,1,2.0,HIGH
chicken,3,refrigerator,3,9,3,0,3.0,HIGH
orange,14,refrigerator,5,8,5,0,0.5714285714285714,MEDIUM
egg,21,refrigerator,5,13,5,2,0.6190476190476191,MEDIUM
chicken,3,refrigerator,2,12,2,2,4.0,HIGH
carrot,21,refrigerator,3,1,5,3,0.047619047619047616,LOW
milk,5,refrigerator,3,2,4,3,0.4,MEDIUM
apple,21,refrigerator,3,6,3,2,0.2857142857142857,MEDIUM
potato,21,room,5,20,4,1,0.9523809523809523,HIGH
milk,5,refrigerator,4,17,1,3,3.4,HIGH
orange,14,refrigerator,3,2,1,2,0.14285714285714285,MEDIUM
orange,14,refrigerator,5,9,0,3,0.6428571428571429,HIGH
egg,21,refrigerator,2,21,0,2,1.0,HIGH
carrot,21,refrigerator,4,6,1,0,0.2857142857142857,MEDIUM
spinach,5,refrigerator,2,8,5,2,1.6,HIGH
egg,21,refrigerator,4,16,4,0,0.7619047619047619,MEDIUM
egg,21,refrigerator,5,10,1,3,0.47619047619047616,HIGH
potato,21,room,1,6,0,2,0.2857142857142857,MEDIUM
cabbage,14,refrigerator,4,13,1,3,0.9285714285714286,HIGH
carrot,21,refrigerator,2,18,5,0,0.8571428571428571,MEDIUM
onion,21,room,5,3,1,2,0.14285714285714285,MEDIUM
egg,21,refrigerator,4,5,4,3,0.23809523809523808,MEDIUM
bread,7,room,1,9,3,0,1.2857142857142858,HIGH
fish,2,refrigerator,1,6,5,3,3.0,HIGH
cabbage,14,refrigerator,3,12,0,1,0.8571428571428571,HIGH
onion,21,room,3,13,4,0,0.6190476190476191,MEDIUM
bread,7,room,2,3,1,0,0.42857142857142855,MEDIUM
carrot,21,refrigerator,4,7,1,0,0.3333333333333333,MEDIUM
tomato,7,refrigerator,4,4,3,2,0.5714285714285714,MEDIUM
bread,7,room,3,0,0,2,0.0,MEDIUM
apple,21,refrigerator,4,3,0,2,0.14285714285714285,MEDIUM
cabbage,14,refrigerator,4,2,2,1,0.14285714285714285,MEDIUM
chicken,3,refrigerator,1,8,0,1,2.6666666666666665,HIGH
bread,7,room,3,7,3,0,1.0,HIGH
banana,5,room,5,0,2,1,0.0,LOW
tomato,7,refrigerator,3,5,2,3,0.7142857142857143,HIGH
orange,14,refrigerator,5,8,1,0,0.5714285714285714,MEDIUM
orange,14,refrigerator,1,6,1,0,0.42857142857142855,MEDIUM
apple,21,refrigerator,2,3,0,3,0.14285714285714285,MEDIUM
bread,7,room,4,12,2,0,1.7142857142857142,HIGH
bread,7,room,1,16,1,1,2.2857142857142856,HIGH
fish,2,refrigerator,4,1,3,2,0.5,MEDIUM
fish,2,refrigerator,2,4,1,3,2.0,HIGH
fish,2,refrigerator,2,11,5,1,5.5,HIGH
potato,21,room,1,20,5,3,0.9523809523809523,HIGH
bread,7,room,2,7,1,3,1.0,HIGH
milk,5,refrigerator,5,5,2,0,1.0,HIGH
spinach,5,refrigerator,2,7,2,0,1.4,HIGH
banana,5,room,4,17,4,1,3.4,HIGH
potato,21,room,4,2,5,3,0.09523809523809523,LOW
carrot,21,refrigerator,4,21,3,0,1.0,HIGH
potato,21,room,4,11,2,0,0.5238095238095238,MEDIUM
milk,5,refrigerator,5,2,0,3,0.4,HIGH
carrot,21,refrigerator,3,21,5,1,1.0,MEDIUM
banana,5,room,1,5,3,1,1.0,HIGH
milk,5,refrigerator,4,1,3,3,0.2,MEDIUM
onion,21,room,2,11,2,1,0.5238095238095238,MEDIUM
spinach,5,refrigerator,4,1,3,0,0.2,LOW
banana,5,room,2,5,2,3,1.0,HIGH
bread,7,room,2,16,1,0,2.2857142857142856,HIGH
fish,2,refrigerator,4,2,5,2,1.0,HIGH
onion,21,room,5,1,4,2,0.047619047619047616,LOW
apple,21,refrigerator,2,19,1,1,0.9047619047619048,HIGH
banana,5,room,2,7,5,2,1.4,HIGH
apple,21,refrigerator,4,21,2,0,1.0,HIGH
carrot,21,refrigerator,2,11,5,2,0.5238095238095238,MEDIUM
onion,21,room,2,3,2,0,0.14285714285714285,LOW
spinach,5,refrigerator,4,4,1,1,0.8,HIGH
bread,7,room,4,12,0,1,1.7142857142857142,HIGH
bread,7,room,1,14,0,0,2.0,HIGH
milk,5,refrigerator,5,15,5,2,3.0,HIGH
bread,7,room,5,9,0,1,1.2857142857142858,HIGH
chicken,3,refrigerator,2,15,2,3,5.0,HIGH
egg,21,refrigerator,5,11,3,1,0.5238095238095238,MEDIUM
potato,21,room,2,16,2,2,0.7619047619047619,HIGH
fish,2,refrigerator,1,15,3,3,7.5,HIGH
tomato,7,refrigerator,4,11,1,2,1.5714285714285714,HIGH
spinach,5,refrigerator,4,7,4,0,1.4,HIGH
onion,21,room,4,19,3,3,0.9047619047619048,HIGH
egg,21,refrigerator,5,2,0,2,0.09523809523809523,MEDIUM
spinach,5,refrigerator,1,15,2,3,3.0,HIGH
onion,21,room,5,12,1,2,0.5714285714285714,HIGH
fish,2,refrigerator,5,18,0,3,9.0,HIGH
cabbage,14,refrigerator,1,7,1,2,0.5,MEDIUM
cabbage,14,refrigerator,1,21,4,0,1.5,HIGH
apple,21,refrigerator,1,4,2,3,0.19047619047619047,MEDIUM
spinach,5,refrigerator,1,19,5,3,3.8,HIGH
cabbage,14,refrigerator,4,7,2,3,0.5,MEDIUM
chicken,3,refrigerator,3,11,4,3,3.6666666666666665,HIGH
onion,21,room,3,0,2,0,0.0,LOW
apple,21,refrigerator,1,20,5,3,0.9523809523809523,HIGH
bread,7,room,3,19,3,1,2.7142857142857144,HIGH
onion,21,room,3,5,1,0,0.23809523809523808,MEDIUM
apple,21,refrigerator,1,21,5,1,1.0,MEDIUM
fish,2,refrigerator,3,17,0,3,8.5,HIGH
spinach,5,refrigerator,5,7,4,2,1.4,HIGH
fish,2,refrigerator,2,6,3,1,3.0,HIGH
egg,21,refrigerator,2,0,0,3,0.0,MEDIUM
fish,2,refrigerator,1,20,0,1,10.0,HIGH
milk,5,refrigerator,4,15,4,3,3.0,HIGH
bread,7,room,1,11,3,3,1.5714285714285714,HIGH
banana,5,room,4,5,0,3,1.0,HIGH
fish,2,refrigerator,2,19,0,2,9.5,HIGH
egg,21,refrigerator,1,1,3,1,0.047619047619047616,LOW
carrot,21,refrigerator,5,13,2,0,0.6190476190476191,MEDIUM
chicken,3,refrigerator,3,3,0,0,1.0,HIGH
onion,21,room,4,0,1,0,0.0,LOW
carrot,21,refrigerator,3,17,3,0,0.8095238095238095,MEDIUM
egg,21,refrigerator,3,12,0,3,0.5714285714285714,HIGH
apple,21,refrigerator,1,1,4,1,0.047619047619047616,LOW
banana,5,room,3,8,5,1,1.6,HIGH
bread,7,room,5,20,1,2,2.857142857142857,HIGH
bread,7,room,3,1,5,1,0.14285714285714285,LOW
bread,7,room,1,8,5,1,1.1428571428571428,HIGH
chicken,3,refrigerator,5,0,0,1,0.0,MEDIUM
banana,5,room,2,10,1,2,2.0,HIGH
chicken,3,refrigerator,3,2,1,0,0.6666666666666666,MEDIUM
chicken,3,refrigerator,1,19,2,1,6.333333333333333,HIGH
tomato,7,refrigerator,2,3,5,2,0.42857142857142855,MEDIUM
banana,5,room,2,17,1,2,3.4,HIGH
milk,5,refrigerator,4,5,2,3,1.0,HIGH
banana,5,room,5,2,3,2,0.4,MEDIUM
egg,21,refrigerator,3,21,2,0,1.0,HIGH
tomato,7,refrigerator,1,10,4,1,1.4285714285714286,HIGH
bread,7,room,4,14,0,2,2.0,HIGH
egg,21,refrigerator,5,21,3,0,1.0,HIGH
egg,21,refrigerator,4,4,3,2,0.19047619047619047,MEDIUM
orange,14,refrigerator,5,19,4,2,1.3571428571428572,HIGH
potato,21,room,5,9,2,2,0.42857142857142855,MEDIUM
tomato,7,refrigerator,3,11,0,2,1.5714285714285714,HIGH
egg,21,refrigerator,5,14,2,2,0.6666666666666666,HIGH
potato,21,room,4,16,1,0,0.7619047619047619,HIGH
potato,21,room,5,9,2,1,0.42857142857142855,MEDIUM
tomato,7,refrigerator,3,5,3,1,0.7142857142857143,MEDIUM
orange,14,refrigerator,3,17,0,1,1.2142857142857142,HIGH
carrot,21,refrigerator,4,12,2,1,0.5714285714285714,MEDIUM
apple,21,refrigerator,2,2,0,0,0.09523809523809523,LOW
milk,5,refrigerator,2,9,0,3,1.8,HIGH
apple,21,refrigerator,5,13,1,3,0.6190476190476191,HIGH
banana,5,room,1,5,1,0,1.0,HIGH
bread,7,room,5,2,3,0,0.2857142857142857,MEDIUM
milk,5,refrigerator,4,15,4,2,3.0,HIGH
banana,5,room,4,6,0,2,1.2,HIGH
egg,21,refrigerator,4,19,4,2,0.9047619047619048,HIGH
bread,7,room,4,13,3,1,1.8571428571428572,HIGH
onion,21,room,4,8,0,2,0.38095238095238093,MEDIUM
tomato,7,refrigerator,3,14,0,3,2.0,HIGH
milk,5,refrigerator,2,20,5,1,4.0,HIGH
milk,5,refrigerator,4,2,4,2,0.4,MEDIUM
fish,2,refrigerator,1,1,2,1,0.5,MEDIUM
egg,21,refrigerator,1,1,1,3,0.047619047619047616,MEDIUM
carrot,21,refrigerator,1,2,2,2,0.09523809523809523,LOW
potato,21,room,1,17,4,3,0.8095238095238095,MEDIUM
bread,7,room,3,13,1,3,1.8571428571428572,HIGH
egg,21,refrigerator,1,19,2,3,0.9047619047619048,HIGH
cabbage,14,refrigerator,4,17,5,2,1.2142857142857142,HIGH
orange,14,refrigerator,5,9,1,0,0.6428571428571429,MEDIUM
potato,21,room,1,1,0,2,0.047619047619047616,MEDIUM
tomato,7,refrigerator,3,21,2,3,3.0,HIGH
potato,21,room,3,0,1,2,0.0,LOW
carrot,21,refrigerator,1,3,5,3,0.14285714285714285,LOW
fish,2,refrigerator,5,13,1,0,6.5,HIGH
potato,21,room,1,0,1,1,0.0,LOW
tomato,7,refrigerator,3,13,5,0,1.8571428571428572,HIGH
carrot,21,refrigerator,2,15,2,0,0.7142857142857143,MEDIUM
apple,21,refrigerator,4,21,3,1,1.0,HIGH
milk,5,refrigerator,3,13,2,2,2.6,HIGH
fish,2,refrigerator,1,19,4,1,9.5,HIGH
milk,5,refrigerator,4,2,5,2,0.4,MEDIUM
orange,14,refrigerator,1,2,2,2,0.14285714285714285,LOW
banana,5,room,1,8,1,3,1.6,HIGH
apple,21,refrigerator,2,5,5,3,0.23809523809523808,LOW
apple,21,refrigerator,4,12,0,1,0.5714285714285714,HIGH
bread,7,room,4,20,2,0,2.857142857142857,HIGH
chicken,3,refrigerator,2,1,5,1,0.3333333333333333,LOW
potato,21,room,3,7,2,2,0.3333333333333333,MEDIUM
milk,5,refrigerator,1,20,5,3,4.0,HIGH
tomato,7,refrigerator,5,1,1,1,0.14285714285714285,MEDIUM
spinach,5,refrigerator,1,3,0,1,0.6,MEDIUM
chicken,3,refrigerator,1,14,0,3,4.666666666666667,HIGH
spinach,5,refrigerator,3,3,4,3,0.6,MEDIUM
fish,2,refrigerator,1,12,5,3,6.0,HIGH
carrot,21,refrigerator,2,11,2,2,0.5238095238095238,MEDIUM
milk,5,refrigerator,2,12,0,3,2.4,HIGH
milk,5,refrigerator,4,13,0,0,2.6,HIGH
chicken,3,refrigerator,5,19,3,1,6.333333333333333,HIGH
orange,14,refrigerator,1,17,3,3,1.2142857142857142,HIGH
chicken,3,refrigerator,1,5,0,3,1.6666666666666667,HIGH
spinach,5,refrigerator,3,10,5,2,2.0,HIGH
chicken,3,refrigerator,2,1,4,2,0.3333333333333333,MEDIUM
milk,5,refrigerator,5,18,0,1,3.6,HIGH
orange,14,refrigerator,4,18,1,0,1.2857142857142858,HIGH
potato,21,room,2,4,2,1,0.19047619047619047,LOW
cabbage,14,refrigerator,4,18,4,3,1.2857142857142858,HIGH
bread,7,room,3,1,1,0,0.14285714285714285,LOW
onion,21,room,3,9,4,0,0.42857142857142855,LOW
apple,21,refrigerator,1,1,1,0,0.047619047619047616,LOW
chicken,3,refrigerator,5,10,2,0,3.3333333333333335,HIGH
fish,2,refrigerator,4,17,2,1,8.5,HIGH
banana,5,room,2,14,3,2,2.8,HIGH
carrot,21,refrigerator,3,8,5,2,0.38095238095238093,MEDIUM
cabbage,14,refrigerator,1,18,1,3,1.2857142857142858,HIGH
bread,7,room,1,8,3,2,1.1428571428571428,HIGH
bread,7,room,4,2,1,2,0.2857142857142857,MEDIUM
bread,7,room,3,20,3,2,2.857142857142857,HIGH
bread,7,room,5,8,2,2,1.1428571428571428,HIGH
spinach,5,refrigerator,3,13,4,3,2.6,HIGH
fish,2,refrigerator,4,18,3,1,9.0,HIGH
fish,2,refrigerator,4,6,1,0,3.0,HIGH
orange,14,refrigerator,3,15,1,2,1.0714285714285714,HIGH
apple,21,refrigerator,4,15,5,1,0.7142857142857143,MEDIUM
milk,5,refrigerator,3,0,2,2,0.0,LOW
bread,7,room,2,3,1,2,0.42857142857142855,MEDIUM
banana,5,room,3,3,0,0,0.6,MEDIUM
milk,5,refrigerator,3,6,4,0,1.2,HIGH
fish,2,refrigerator,4,7,3,0,3.5,HIGH
tomato,7,refrigerator,4,16,5,2,2.2857142857142856,HIGH
tomato,7,refrigerator,1,4,4,2,0.5714285714285714,MEDIUM
banana,5,room,1,6,2,2,1.2,HIGH
orange,14,refrigerator,2,19,5,0,1.3571428571428572,HIGH
fish,2,refrigerator,1,19,3,3,9.5,HIGH
banana,5,room,3,3,3,1,0.6,MEDIUM
spinach,5,refrigerator,4,5,0,3,1.0,HIGH
chicken,3,refrigerator,1,6,2,2,2.0,HIGH
banana,5,room,1,17,5,2,3.4,HIGH
potato,21,room,2,4,5,3,0.19047619047619047,LOW
milk,5,refrigerator,2,19,1,2,3.8,HIGH
cabbage,14,refrigerator,3,2,0,1,0.14285714285714285,MEDIUM
egg,21,refrigerator,4,6,0,2,0.2857142857142857,MEDIUM
orange,14,refrigerator,2,21,5,1,1.5,HIGH
banana,5,room,1,13,5,3,2.6,HIGH
fish,2,refrigerator,4,6,4,3,3.0,HIGH
carrot,21,refrigerator,4,4,4,2,0.19047619047619047,MEDIUM
tomato,7,refrigerator,1,21,4,1,3.0,HIGH
potato,21,room,2,4,0,2,0.19047619047619047,MEDIUM
apple,21,refrigerator,1,1,1,0,0.047619047619047616,LOW
bread,7,room,4,20,3,0,2.857142857142857,HIGH
egg,21,refrigerator,5,21,4,0,1.0,HIGH
orange,14,refrigerator,5,5,1,0,0.35714285714285715,MEDIUM
cabbage,14,refrigerator,3,14,2,2,1.0,HIGH
egg,21,refrigerator,1,20,4,0,0.9523809523809523,MEDIUM
banana,5,room,1,9,3,1,1.8,HIGH
spinach,5,refrigerator,3,6,2,3,1.2,HIGH
tomato,7,refrigerator,3,4,2,3,0.5714285714285714,MEDIUM
fish,2,refrigerator,3,0,3,0,0.0,LOW
tomato,7,refrigerator,4,12,4,0,1.7142857142857142,HIGH
apple,21,refrigerator,1,20,0,0,0.9523809523809523,HIGH
spinach,5,refrigerator,4,17,3,2,3.4,HIGH
bread,7,room,3,12,3,3,1.7142857142857142,HIGH
fish,2,refrigerator,1,20,3,0,10.0,HIGH
milk,5,refrigerator,4,20,2,1,4.0,HIGH
onion,21,room,4,17,1,0,0.8095238095238095,HIGH
potato,21,room,3,4,0,3,0.19047619047619047,MEDIUM
tomato,7,refrigerator,1,12,4,0,1.7142857142857142,HIGH
carrot,21,refrigerator,3,3,4,3,0.14285714285714285,MEDIUM
tomato,7,refrigerator,1,16,1,0,2.2857142857142856,HIGH
egg,21,refrigerator,5,2,3,1,0.09523809523809523,LOW
tomato,7,refrigerator,2,16,0,0,2.2857142857142856,HIGH
orange,14,refrigerator,2,10,4,1,0.7142857142857143,MEDIUM
tomato,7,refrigerator,2,20,5,1,2.857142857142857,HIGH
onion,21,room,3,19,4,0,0.9047619047619048,MEDIUM
onion,21,room,5,20,3,1,0.9523809523809523,HIGH
bread,7,room,1,3,5,2,0.42857142857142855,LOW
cabbage,14,refrigerator,4,1,1,0,0.07142857142857142,LOW
milk,5,refrigerator,1,19,0,0,3.8,HIGH
carrot,21,refrigerator,4,15,1,1,0.7142857142857143,HIGH
tomato,7,refrigerator,1,17,1,1,2.4285714285714284,HIGH
tomato,7,refrigerator,5,7,0,0,1.0,HIGH
potato,21,room,4,2,0,2,0.09523809523809523,MEDIUM
fish,2,refrigerator,3,8,4,1,4.0,HIGH
onion,21,room,1,19,4,1,0.9047619047619048,MEDIUM
carrot,21,refrigerator,1,5,0,3,0.23809523809523808,MEDIUM
bread,7,room,4,9,5,2,1.2857142857142858,HIGH
apple,21,refrigerator,3,20,2,2,0.9523809523809523,HIGH
cabbage,14,refrigerator,3,9,4,0,0.6428571428571429,MEDIUM
milk,5,refrigerator,5,12,2,2,2.4,HIGH
spinach,5,refrigerator,3,16,5,0,3.2,HIGH
milk,5,refrigerator,3,8,0,3,1.6,HIGH
orange,14,refrigerator,3,16,5,2,1.1428571428571428,HIGH
egg,21,refrigerator,2,8,4,1,0.38095238095238093,LOW
orange,14,refrigerator,5,8,1,3,0.5714285714285714,HIGH
tomato,7,refrigerator,1,0,0,0,0.0,LOW
cabbage,14,refrigerator,4,1,3,3,0.07142857142857142,MEDIUM
egg,21,refrigerator,1,15,2,0,0.7142857142857143,MEDIUM
carrot,21,refrigerator,5,0,5,3,0.0,LOW
spinach,5,refrigerator,4,9,0,0,1.8,HIGH
onion,21,room,5,17,5,2,0.8095238095238095,HIGH
cabbage,14,refrigerator,3,7,0,1,0.5,MEDIUM
cabbage,14,refrigerator,4,20,4,0,1.4285714285714286,HIGH
orange,14,refrigerator,3,10,4,3,0.7142857142857143,MEDIUM
tomato,7,refrigerator,1,1,4,0,0.14285714285714285,LOW
banana,5,room,1,7,5,0,1.4,HIGH
bread,7,room,4,21,3,0,3.0,HIGH
orange,14,refrigerator,4,7,4,3,0.5,MEDIUM
cabbage,14,refrigerator,5,16,0,1,1.1428571428571428,HIGH
chicken,3,refrigerator,5,14,4,2,4.666666666666667,HIGH
potato,21,room,3,16,1,1,0.7619047619047619,HIGH
spinach,5,refrigerator,4,12,4,0,2.4,HIGH
bread,7,room,1,18,5,3,2.5714285714285716,HIGH
orange,14,refrigerator,5,4,3,1,0.2857142857142857,MEDIUM
spinach,5,refrigerator,5,11,1,0,2.2,HIGH
potato,21,room,1,0,5,2,0.0,LOW
apple,21,refrigerator,5,4,5,2,0.19047619047619047,LOW
potato,21,room,3,7,5,2,0.3333333333333333,MEDIUM
potato,21,room,4,12,0,0,0.5714285714285714,MEDIUM
spinach,5,refrigerator,1,7,5,3,1.4,HIGH
milk,5,refrigerator,4,10,0,1,2.0,HIGH
spinach,5,refrigerator,5,0,5,2,0.0,LOW
banana,5,room,5,12,2,0,2.4,HIGH
tomato,7,refrigerator,1,18,1,0,2.5714285714285716,HIGH
egg,21,refrigerator,3,2,2,1,0.09523809523809523,LOW
milk,5,refrigerator,2,16,5,2,3.2,HIGH
onion,21,room,1,4,1,0,0.19047619047619047,LOW
egg,21,refrigerator,2,19,1,1,0.9047619047619048,HIGH
tomato,7,refrigerator,2,20,3,3,2.857142857142857,HIGH
orange,14,refrigerator,3,7,2,3,0.5,MEDIUM
bread,7,room,2,13,3,3,1.8571428571428572,HIGH
banana,5,room,2,3,1,2,0.6,MEDIUM
banana,5,room,3,10,0,1,2.0,HIGH
onion,21,room,2,19,1,1,0.9047619047619048,HIGH
milk,5,refrigerator,2,14,3,0,2.8,HIGH
fish,2,refrigerator,2,18,2,0,9.0,HIGH
apple,21,refrigerator,1,6,5,0,0.2857142857142857,LOW
potato,21,room,1,18,5,1,0.8571428571428571,MEDIUM
milk,5,refrigerator,1,18,2,0,3.6,HIGH
bread,7,room,3,10,5,1,1.4285714285714286,HIGH
apple,21,refrigerator,5,4,5,1,0.19047619047619047,LOW
banana,5,room,2,4,3,3,0.8,HIGH
spinach,5,refrigerator,2,21,2,0,4.2,HIGH
bread,7,room,3,7,4,3,1.0,HIGH
tomato,7,refrigerator,2,9,0,2,1.2857142857142858,HIGH
onion,21,room,1,5,0,2,0.23809523809523808,MEDIUM
tomato,7,refrigerator,5,14,5,2,2.0,HIGH
fish,2,refrigerator,4,15,0,1,7.5,HIGH
bread,7,room,2,16,2,1,2.2857142857142856,HIGH
carrot,21,refrigerator,1,7,2,1,0.3333333333333333,MEDIUM
carrot,21,refrigerator,4,7,1,0,0.3333333333333333,MEDIUM
orange,14,refrigerator,5,8,1,3,0.5714285714285714,HIGH
milk,5,refrigerator,4,1,0,1,0.2,MEDIUM
banana,5,room,1,14,4,3,2.8,HIGH
banana,5,room,4,17,1,3,3.4,HIGH
potato,21,room,3,2,1,3,0.09523809523809523,MEDIUM
potato,21,room,4,16,2,0,0.7619047619047619,MEDIUM
potato,21,room,2,3,4,0,0.14285714285714285,LOW
spinach,5,refrigerator,2,3,5,2,0.6,MEDIUM
egg,21,refrigerator,3,13,0,2,0.6190476190476191,HIGH
cabbage,14,refrigerator,1,8,1,3,0.5714285714285714,MEDIUM
egg,21,refrigerator,2,8,4,2,0.38095238095238093,MEDIUM
tomato,7,refrigerator,5,17,4,3,2.4285714285714284,HIGH
egg,21,refrigerator,2,9,0,0,0.42857142857142855,MEDIUM
spinach,5,refrigerator,2,20,4,0,4.0,HIGH
orange,14,refrigerator,1,3,4,0,0.21428571428571427,LOW
tomato,7,refrigerator,4,11,4,1,1.5714285714285714,HIGH
egg,21,refrigerator,2,7,1,3,0.3333333333333333,MEDIUM
spinach,5,refrigerator,3,1,0,0,0.2,MEDIUM
cabbage,14,refrigerator,4,21,4,3,1.5,HIGH
egg,21,refrigerator,5,12,4,2,0.5714285714285714,MEDIUM
spinach,5,refrigerator,1,20,1,2,4.0,HIGH
fish,2,refrigerator,5,15,0,0,7.5,HIGH
potato,21,room,4,1,2,3,0.047619047619047616,MEDIUM
fish,2,refrigerator,4,10,1,0,5.0,HIGH
banana,5,room,4,9,0,2,1.8,HIGH
potato,21,room,5,14,4,0,0.6666666666666666,MEDIUM
banana,5,room,4,16,0,3,3.2,HIGH
chicken,3,refrigerator,5,7,0,2,2.3333333333333335,HIGH
onion,21,room,4,17,5,1,0.8095238095238095,MEDIUM
fish,2,refrigerator,3,8,0,2,4.0,HIGH
onion,21,room,4,7,2,1,0.3333333333333333,MEDIUM
onion,21,room,5,13,0,0,0.6190476190476191,HIGH
cabbage,14,refrigerator,2,17,2,0,1.2142857142857142,HIGH
potato,21,room,4,21,4,3,1.0,HIGH
chicken,3,refrigerator,2,19,2,1,6.333333333333333,HIGH
banana,5,room,3,19,4,0,3.8,HIGH
spinach,5,refrigerator,1,20,4,1,4.0,HIGH
tomato,7,refrigerator,3,11,2,0,1.5714285714285714,HIGH
spinach,5,refrigerator,4,18,1,2,3.6,HIGH
tomato,7,refrigerator,2,13,3,0,1.8571428571428572,HIGH
fish,2,refrigerator,2,16,0,3,8.0,HIGH
carrot,21,refrigerator,5,20,5,2,0.9523809523809523,HIGH
spinach,5,refrigerator,2,2,3,3,0.4,MEDIUM
egg,21,refrigerator,5,6,0,2,0.2857142857142857,MEDIUM
egg,21,refrigerator,1,16,0,1,0.7619047619047619,HIGH
milk,5,refrigerator,4,11,4,3,2.2,HIGH
potato,21,room,5,8,0,0,0.38095238095238093,MEDIUM
tomato,7,refrigerator,1,14,5,1,2.0,HIGH
tomato,7,refrigerator,2,17,0,0,2.4285714285714284,HIGH
bread,7,room,2,20,2,2,2.857142857142857,HIGH
orange,14,refrigerator,1,12,3,2,0.8571428571428571,MEDIUM
potato,21,room,2,20,2,0,0.9523809523809523,HIGH
cabbage,14,refrigerator,1,7,5,0,0.5,LOW
milk,5,refrigerator,5,13,0,1,2.6,HIGH
cabbage,14,refrigerator,5,7,5,0,0.5,MEDIUM
fish,2,refrigerator,1,13,4,3,6.5,HIGH
fish,2,refrigerator,5,6,2,3,3.0,HIGH
cabbage,14,refrigerator,5,11,2,0,0.7857142857142857,HIGH
cabbage,14,refrigerator,5,10,1,3,0.7142857142857143,HIGH
chicken,3,refrigerator,3,21,0,0,7.0,HIGH
potato,21,room,4,21,4,1,1.0,HIGH
cabbage,14,refrigerator,2,10,2,3,0.7142857142857143,HIGH
egg,21,refrigerator,3,21,2,3,1.0,HIGH
orange,14,refrigerator,5,12,4,0,0.8571428571428571,MEDIUM
orange,14,refrigerator,1,17,5,3,1.2142857142857142,HIGH
onion,21,room,5,1,5,2,0.047619047619047616,LOW
carrot,21,refrigerator,4,20,0,1,0.9523809523809523,HIGH
fish,2,refrigerator,5,14,1,1,7.0,HIGH
tomato,7,refrigerator,1,19,2,3,2.7142857142857144,HIGH
bread,7,room,4,17,1,3,2.4285714285714284,HIGH
tomato,7,refrigerator,5,14,5,2,2.0,HIGH
carrot,21,refrigerator,4,18,5,2,0.8571428571428571,MEDIUM
bread,7,room,2,11,3,3,1.5714285714285714,HIGH
chicken,3,refrigerator,2,12,0,3,4.0,HIGH
potato,21,room,5,21,3,2,1.0,HIGH
spinach,5,refrigerator,4,10,3,0,2.0,HIGH
potato,21,room,1,4,3,2,0.19047619047619047,LOW
tomato,7,refrigerator,5,0,0,0,0.0,LOW
tomato,7,refrigerator,2,2,0,1,0.2857142857142857,MEDIUM
bread,7,room,2,21,4,1,3.0,HIGH
bread,7,room,5,18,1,2,2.5714285714285716,HIGH
fish,2,refrigerator,4,6,1,0,3.0,HIGH
chicken,3,refrigerator,2,11,4,2,3.6666666666666665,HIGH
fish,2,refrigerator,4,14,4,2,7.0,HIGH
carrot,21,refrigerator,2,4,5,0,0.19047619047619047,LOW
cabbage,14,refrigerator,2,14,3,2,1.0,HIGH
potato,21,room,3,7,4,1,0.3333333333333333,LOW
bread,7,room,2,9,2,3,1.2857142857142858,HIGH
banana,5,room,1,15,1,3,3.0,HIGH
carrot,21,refrigerator,5,7,4,2,0.3333333333333333,MEDIUM
egg,21,refrigerator,5,0,2,0,0.0,LOW
chicken,3,refrigerator,4,11,2,0,3.6666666666666665,HIGH
tomato,7,refrigerator,2,4,2,1,0.5714285714285714,MEDIUM
fish,2,refrigerator,1,2,5,0,1.0,MEDIUM
carrot,21,refrigerator,4,0,5,0,0.0,LOW
potato,21,room,3,3,2,1,0.14285714285714285,LOW
bread,7,room,4,7,5,2,1.0,HIGH
tomato,7,refrigerator,4,2,3,3,0.2857142857142857,MEDIUM
spinach,5,refrigerator,2,9,2,1,1.8,HIGH
chicken,3,refrigerator,3,1,3,2,0.3333333333333333,MEDIUM
carrot,21,refrigerator,4,10,3,1,0.47619047619047616,MEDIUM
milk,5,refrigerator,1,9,2,2,1.8,HIGH
tomato,7,refrigerator,1,20,1,1,2.857142857142857,HIGH
potato,21,room,5,13,2,2,0.6190476190476191,HIGH
onion,21,room,3,6,2,1,0.2857142857142857,MEDIUM
banana,5,room,3,1,5,2,0.2,LOW
apple,21,refrigerator,5,8,2,1,0.38095238095238093,MEDIUM
cabbage,14,refrigerator,4,15,1,3,1.0714285714285714,HIGH
apple,21,refrigerator,3,12,5,3,0.5714285714285714,MEDIUM
potato,21,room,1,8,0,0,0.38095238095238093,MEDIUM
egg,21,refrigerator,1,19,0,2,0.9047619047619048,HIGH
fish,2,refrigerator,2,3,3,1,1.5,HIGH
egg,21,refrigerator,3,21,3,2,1.0,HIGH
onion,21,room,4,9,1,3,0.42857142857142855,MEDIUM
cabbage,14,refrigerator,5,21,4,2,1.5,HIGH
milk,5,refrigerator,5,11,0,1,2.2,HIGH
onion,21,room,4,16,3,2,0.7619047619047619,HIGH
orange,14,refrigerator,2,13,0,1,0.9285714285714286,HIGH
apple,21,refrigerator,5,13,1,3,0.6190476190476191,HIGH
onion,21,room,3,1,1,3,0.047619047619047616,MEDIUM
apple,21,refrigerator,2,20,4,3,0.9523809523809523,HIGH
tomato,7,refrigerator,3,19,4,0,2.7142857142857144,HIGH
egg,21,refrigerator,1,10,5,3,0.47619047619047616,MEDIUM
tomato,7,refrigerator,2,15,1,2,2.142857142857143,HIGH
banana,5,room,5,18,3,0,3.6,HIGH
orange,14,refrigerator,2,5,0,3,0.35714285714285715,MEDIUM
cabbage,14,refrigerator,2,18,2,2,1.2857142857142858,HIGH
milk,5,refrigerator,2,4,4,2,0.8,MEDIUM
chicken,3,refrigerator,2,3,2,2,1.0,HIGH
apple,21,refrigerator,3,14,3,1,0.6666666666666666,MEDIUM
milk,5,refrigerator,1,3,4,0,0.6,MEDIUM
apple,21,refrigerator,4,19,2,2,0.9047619047619048,HIGH
potato,21,room,2,9,3,1,0.42857142857142855,MEDIUM
onion,21,room,5,21,0,3,1.0,HIGH
banana,5,room,2,2,3,2,0.4,MEDIUM
egg,21,refrigerator,5,4,5,1,0.19047619047619047,LOW
chicken,3,refrigerator,3,5,4,2,1.6666666666666667,HIGH
bread,7,room,5,20,1,0,2.857142857142857,HIGH
apple,21,refrigerator,4,21,0,0,1.0,HIGH
milk,5,refrigerator,1,7,2,3,1.4,HIGH
banana,5,room,5,6,4,2,1.2,HIGH
spinach,5,refrigerator,5,20,1,1,4.0,HIGH
chicken,3,refrigerator,1,9,3,3,3.0,HIGH
spinach,5,refrigerator,4,5,1,2,1.0,HIGH
tomato,7,refrigerator,2,13,4,3,1.8571428571428572,HIGH
egg,21,refrigerator,5,3,4,1,0.14285714285714285,LOW
fish,2,refrigerator,1,12,5,3,6.0,HIGH
fish,2,refrigerator,3,19,5,3,9.5,HIGH
bread,7,room,1,16,1,3,2.2857142857142856,HIGH
potato,21,room,3,6,3,2,0.2857142857142857,MEDIUM
milk,5,refrigerator,4,3,1,1,0.6,MEDIUM
bread,7,room,2,13,4,0,1.8571428571428572,HIGH
onion,21,room,1,2,4,2,0.09523809523809523,LOW
onion,21,room,5,4,2,0,0.19047619047619047,MEDIUM
milk,5,refrigerator,4,15,5,0,3.0,HIGH
cabbage,14,refrigerator,1,19,2,2,1.3571428571428572,HIGH
potato,21,room,5,3,0,2,0.14285714285714285,MEDIUM
banana,5,room,1,1,4,1,0.2,LOW
apple,21,refrigerator,3,17,2,1,0.8095238095238095,HIGH
fish,2,refrigerator,1,18,1,3,9.0,HIGH
chicken,3,refrigerator,1,18,5,0,6.0,HIGH
cabbage,14,refrigerator,1,16,5,1,1.1428571428571428,HIGH
apple,21,refrigerator,4,13,3,3,0.6190476190476191,HIGH
apple,21,refrigerator,1,18,1,1,0.8571428571428571,HIGH
cabbage,14,refrigerator,5,21,3,2,1.5,HIGH
tomato,7,refrigerator,3,12,2,1,1.7142857142857142,HIGH
spinach,5,refrigerator,3,11,0,0,2.2,HIGH
apple,21,refrigerator,1,5,1,1,0.23809523809523808,MEDIUM
cabbage,14,refrigerator,4,20,1,0,1.4285714285714286,HIGH
cabbage,14,refrigerator,4,3,1,2,0.21428571428571427,MEDIUM
orange,14,refrigerator,5,18,3,0,1.2857142857142858,HIGH
bread,7,room,1,15,2,1,2.142857142857143,HIGH
carrot,21,refrigerator,3,12,1,3,0.5714285714285714,HIGH
tomato,7,refrigerator,4,3,1,2,0.42857142857142855,MEDIUM
egg,21,refrigerator,1,16,5,1,0.7619047619047619,MEDIUM
carrot,21,refrigerator,4,0,0,2,0.0,MEDIUM
bread,7,room,4,17,5,2,2.4285714285714284,HIGH
bread,7,room,3,19,5,1,2.7142857142857144,HIGH
bread,7,room,2,16,0,1,2.2857142857142856,HIGH
carrot,21,refrigerator,5,14,2,3,0.6666666666666666,HIGH
milk,5,refrigerator,5,10,5,2,2.0,HIGH
spinach,5,refrigerator,3,21,2,2,4.2,HIGH
cabbage,14,refrigerator,4,12,5,1,0.8571428571428571,MEDIUM
chicken,3,refrigerator,1,0,4,0,0.0,LOW
spinach,5,refrigerator,4,16,0,1,3.2,HIGH
fish,2,refrigerator,3,5,5,2,2.5,HIGH
potato,21,room,5,3,4,1,0.14285714285714285,LOW
milk,5,refrigerator,4,19,3,3,3.8,HIGH
egg,21,refrigerator,5,15,4,0,0.7142857142857143,MEDIUM
spinach,5,refrigerator,1,14,1,1,2.8,HIGH
chicken,3,refrigerator,5,14,5,3,4.666666666666667,HIGH
onion,21,room,5,5,4,2,0.23809523809523808,MEDIUM
bread,7,room,2,14,2,1,2.0,HIGH
apple,21,refrigerator,2,13,3,2,0.6190476190476191,MEDIUM
fish,2,refrigerator,2,10,5,3,5.0,HIGH
potato,21,room,5,6,1,2,0.2857142857142857,MEDIUM
tomato,7,refrigerator,3,8,4,3,1.1428571428571428,HIGH
egg,21,refrigerator,5,15,3,3,0.7142857142857143,HIGH
potato,21,room,3,4,5,3,0.19047619047619047,LOW
bread,7,room,3,19,3,1,2.7142857142857144,HIGH
apple,21,refrigerator,2,9,1,2,0.42857142857142855,MEDIUM
milk,5,refrigerator,4,17,4,2,3.4,HIGH
apple,21,refrigerator,1,2,3,0,0.09523809523809523,LOW
carrot,21,refrigerator,2,12,3,0,0.5714285714285714,MEDIUM
apple,21,refrigerator,2,10,0,0,0.47619047619047616,MEDIUM
carrot,21,refrigerator,4,16,3,0,0.7619047619047619,MEDIUM
fish,2,refrigerator,1,21,0,2,10.5,HIGH
milk,5,refrigerator,5,12,4,3,2.4,HIGH
banana,5,room,5,5,5,3,1.0,HIGH
bread,7,room,2,16,5,1,2.2857142857142856,HIGH
carrot,21,refrigerator,1,12,4,3,0.5714285714285714,MEDIUM
tomato,7,refrigerator,2,18,4,2,2.5714285714285716,HIGH
apple,21,refrigerator,3,20,2,2,0.9523809523809523,HIGH
apple,21,refrigerator,2,18,4,2,0.8571428571428571,MEDIUM
tomato,7,refrigerator,2,9,3,1,1.2857142857142858,HIGH
onion,21,room,5,2,5,0,0.09523809523809523,LOW
fish,2,refrigerator,5,13,1,3,6.5,HIGH
cabbage,14,refrigerator,5,18,5,2,1.2857142857142858,HIGH
banana,5,room,3,4,0,2,0.8,HIGH
egg,21,refrigerator,5,4,5,0,0.19047619047619047,LOW
chicken,3,refrigerator,1,19,2,2,6.333333333333333,HIGH
carrot,21,refrigerator,4,16,4,3,0.7619047619047619,HIGH
tomato,7,refrigerator,1,20,4,1,2.857142857142857,HIGH
chicken,3,refrigerator,1,9,5,2,3.0,HIGH
milk,5,refrigerator,5,4,1,3,0.8,HIGH
carrot,21,refrigerator,4,3,1,2,0.14285714285714285,MEDIUM
cabbage,14,refrigerator,4,5,2,0,0.35714285714285715,MEDIUM
chicken,3,refrigerator,4,3,0,2,1.0,HIGH
milk,5,refrigerator,3,6,5,2,1.2,HIGH
potato,21,room,5,6,4,1,0.2857142857142857,MEDIUM
bread,7,room,4,17,5,0,2.4285714285714284,HIGH
apple,21,refrigerator,3,2,2,0,0.09523809523809523,LOW
potato,21,room,2,0,3,1,0.0,LOW
carrot,21,refrigerator,2,3,3,2,0.14285714285714285,LOW
cabbage,14,refrigerator,3,5,2,3,0.35714285714285715,MEDIUM
banana,5,room,3,8,4,0,1.6,HIGH
chicken,3,refrigerator,5,21,2,0,7.0,HIGH
fish,2,refrigerator,5,13,4,2,6.5,HIGH
bread,7,room,2,11,1,2,1.5714285714285714,HIGH
carrot,21,refrigerator,4,19,2,0,0.9047619047619048,HIGH
tomato,7,refrigerator,2,3,4,2,0.42857142857142855,MEDIUM
fish,2,refrigerator,4,20,2,3,10.0,HIGH
fish,2,refrigerator,4,11,2,0,5.5,HIGH
fish,2,refrigerator,5,9,4,3,4.5,HIGH
spinach,5,refrigerator,1,21,4,3,4.2,HIGH
carrot,21,refrigerator,1,6,0,2,0.2857142857142857,MEDIUM
bread,7,room,3,2,2,3,0.2857142857142857,MEDIUM
apple,21,refrigerator,5,13,3,2,0.6190476190476191,MEDIUM
apple,21,refrigerator,4,9,2,1,0.42857142857142855,MEDIUM
carrot,21,refrigerator,1,15,2,2,0.7142857142857143,MEDIUM
milk,5,refrigerator,4,15,4,3,3.0,HIGH
spinach,5,refrigerator,1,21,2,1,4.2,HIGH
tomato,7,refrigerator,1,9,5,2,1.2857142857142858,HIGH
fish,2,refrigerator,1,12,2,3,6.0,HIGH
fish,2,refrigerator,5,5,5,0,2.5,HIGH
carrot,21,refrigerator,2,11,3,0,0.5238095238095238,MEDIUM
milk,5,refrigerator,4,8,4,2,1.6,HIGH
apple,21,refrigerator,5,12,2,2,0.5714285714285714,HIGH
apple,21,refrigerator,5,3,5,0,0.14285714285714285,LOW
cabbage,14,refrigerator,5,10,5,3,0.7142857142857143,HIGH
carrot,21,refrigerator,5,19,5,3,0.9047619047619048,HIGH
spinach,5,refrigerator,5,17,1,3,3.4,HIGH
onion,21,room,3,10,0,2,0.47619047619047616,MEDIUM
spinach,5,refrigerator,4,20,3,1,4.0,HIGH
apple,21,refrigerator,5,3,2,1,0.14285714285714285,MEDIUM
apple,21,refrigerator,4,17,1,1,0.8095238095238095,HIGH
potato,21,room,3,0,2,1,0.0,LOW
apple,21,refrigerator,3,6,2,1,0.2857142857142857,MEDIUM
tomato,7,refrigerator,4,5,4,2,0.7142857142857143,MEDIUM
egg,21,refrigerator,1,14,4,2,0.6666666666666666,MEDIUM
carrot,21,refrigerator,2,17,4,1,0.8095238095238095,MEDIUM
chicken,3,refrigerator,1,10,1,2,3.3333333333333335,HIGH
spinach,5,refrigerator,1,19,2,2,3.8,HIGH
egg,21,refrigerator,1,14,0,1,0.6666666666666666,MEDIUM
milk,5,refrigerator,5,15,3,3,3.0,HIGH
onion,21,room,3,6,4,2,0.2857142857142857,MEDIUM
tomato,7,refrigerator,1,20,4,3,2.857142857142857,HIGH
bread,7,room,3,9,2,2,1.2857142857142858,HIGH
orange,14,refrigerator,4,11,2,2,0.7857142857142857,HIGH
spinach,5,refrigerator,2,13,1,1,2.6,HIGH
egg,21,refrigerator,4,4,1,2,0.19047619047619047,MEDIUM
bread,7,room,4,20,4,0,2.857142857142857,HIGH
onion,21,room,5,17,2,0,0.8095238095238095,HIGH
potato,21,room,2,4,0,1,0.19047619047619047,MEDIUM
bread,7,room,4,2,3,3,0.2857142857142857,MEDIUM
tomato,7,refrigerator,4,4,2,3,0.5714285714285714,HIGH
tomato,7,refrigerator,2,16,2,3,2.2857142857142856,HIGH
chicken,3,refrigerator,2,18,5,0,6.0,HIGH
potato,21,room,4,18,1,3,0.8571428571428571,HIGH
orange,14,refrigerator,2,20,3,3,1.4285714285714286,HIGH
carrot,21,refrigerator,4,11,4,1,0.5238095238095238,MEDIUM
bread,7,room,4,8,2,3,1.1428571428571428,HIGH
potato,21,room,5,0,4,0,0.0,LOW
tomato,7,refrigerator,1,17,2,0,2.4285714285714284,HIGH
tomato,7,refrigerator,4,20,4,0,2.857142857142857,HIGH
egg,21,refrigerator,3,3,3,1,0.14285714285714285,LOW
apple,21,refrigerator,1,9,1,1,0.42857142857142855,MEDIUM
orange,14,refrigerator,1,6,3,2,0.42857142857142855,MEDIUM
bread,7,room,1,21,5,3,3.0,HIGH
chicken,3,refrigerator,5,0,0,1,0.0,MEDIUM
chicken,3,refrigerator,4,16,1,0,5.333333333333333,HIGH
bread,7,room,5,1,3,0,0.14285714285714285,LOW
fish,2,refrigerator,4,10,5,1,5.0,HIGH
onion,21,room,5,8,0,1,0.38095238095238093,MEDIUM
chicken,3,refrigerator,5,6,5,1,2.0,HIGH
potato,21,room,3,21,2,2,1.0,HIGH
onion,21,room,5,16,2,0,0.7619047619047619,HIGH
potato,21,room,2,16,4,2,0.7619047619047619,MEDIUM
milk,5,refrigerator,3,1,1,2,0.2,MEDIUM
tomato,7,refrigerator,5,5,2,3,0.7142857142857143,HIGH
apple,21,refrigerator,1,13,5,0,0.6190476190476191,LOW
egg,21,refrigerator,2,5,1,0,0.23809523809523808,LOW
chicken,3,refrigerator,2,1,2,1,0.3333333333333333,MEDIUM
apple,21,refrigerator,2,0,4,1,0.0,LOW
apple,21,refrigerator,3,9,3,3,0.42857142857142855,MEDIUM
apple,21,refrigerator,5,20,4,2,0.9523809523809523,HIGH
fish,2,refrigerator,5,4,0,1,2.0,HIGH
onion,21,room,1,1,2,1,0.047619047619047616,LOW
potato,21,room,1,21,0,0,1.0,HIGH
banana,5,room,2,15,0,0,3.0,HIGH
milk,5,refrigerator,1,1,5,1,0.2,LOW
spinach,5,refrigerator,3,9,1,0,1.8,HIGH
apple,21,refrigerator,5,1,5,3,0.047619047619047616,LOW
carrot,21,refrigerator,2,15,2,1,0.7142857142857143,MEDIUM
onion,21,room,1,15,0,0,0.7142857142857143,MEDIUM
chicken,3,refrigerator,3,18,3,3,6.0,HIGH
orange,14,refrigerator,3,6,0,0,0.42857142857142855,MEDIUM
chicken,3,refrigerator,1,21,3,0,7.0,HIGH
egg,21,refrigerator,5,11,5,0,0.5238095238095238,MEDIUM
spinach,5,refrigerator,1,14,5,1,2.8,HIGH
banana,5,room,2,7,1,2,1.4,HIGH
carrot,21,refrigerator,1,5,0,0,0.23809523809523808,LOW
chicken,3,refrigerator,3,9,4,3,3.0,HIGH
banana,5,room,1,2,5,1,0.4,LOW
spinach,5,refrigerator,5,18,5,1,3.6,HIGH
apple,21,refrigerator,4,16,1,3,0.7619047619047619,HIGH
carrot,21,refrigerator,1,6,3,0,0.2857142857142857,LOW
banana,5,room,5,20,1,2,4.0,HIGH
egg,21,refrigerator,5,19,0,0,0.9047619047619048,HIGH
potato,21,room,3,3,2,3,0.14285714285714285,MEDIUM
tomato,7,refrigerator,5,13,2,1,1.8571428571428572,HIGH
potato,21,room,5,19,3,2,0.9047619047619048,HIGH
spinach,5,refrigerator,5,21,5,1,4.2,HIGH
onion,21,room,5,14,3,3,0.6666666666666666,HIGH
tomato,7,refrigerator,2,7,5,0,1.0,MEDIUM
milk,5,refrigerator,2,20,5,2,4.0,HIGH
egg,21,refrigerator,3,14,2,1,0.6666666666666666,MEDIUM
milk,5,refrigerator,1,21,3,1,4.2,HIGH
fish,2,refrigerator,5,19,1,1,9.5,HIGH
carrot,21,refrigerator,1,13,5,0,0.6190476190476191,LOW
bread,7,room,1,8,4,2,1.1428571428571428,HIGH
tomato,7,refrigerator,3,7,4,0,1.0,MEDIUM
milk,5,refrigerator,5,16,1,0,3.2,HIGH
chicken,3,refrigerator,5,1,4,0,0.3333333333333333,MEDIUM
milk,5,refrigerator,4,2,0,3,0.4,HIGH
banana,5,room,1,7,5,3,1.4,HIGH
potato,21,room,1,11,1,3,0.5238095238095238,MEDIUM
banana,5,room,2,0,3,2,0.0,LOW
fish,2,refrigerator,4,9,5,0,4.5,HIGH
tomato,7,refrigerator,2,19,1,0,2.7142857142857144,HIGH
tomato,7,refrigerator,2,2,2,3,0.2857142857142857,MEDIUM
fish,2,refrigerator,2,5,3,0,2.5,HIGH
spinach,5,refrigerator,3,6,2,0,1.2,HIGH
banana,5,room,3,19,5,1,3.8,HIGH
cabbage,14,refrigerator,2,17,3,0,1.2142857142857142,HIGH
chicken,3,refrigerator,4,10,4,1,3.3333333333333335,HIGH
orange,14,refrigerator,1,18,1,0,1.2857142857142858,HIGH
potato,21,room,4,4,5,2,0.19047619047619047,LOW
tomato,7,refrigerator,5,18,0,3,2.5714285714285716,HIGH
spinach,5,refrigerator,3,10,3,1,2.0,HIGH
bread,7,room,1,11,3,3,1.5714285714285714,HIGH
chicken,3,refrigerator,1,9,5,1,3.0,HIGH
banana,5,room,5,7,5,1,1.4,HIGH
potato,21,room,5,8,2,1,0.38095238095238093,MEDIUM
bread,7,room,2,3,4,2,0.42857142857142855,MEDIUM
banana,5,room,3,4,2,0,0.8,MEDIUM
milk,5,refrigerator,3,20,2,1,4.0,HIGH
bread,7,room,4,7,4,2,1.0,HIGH
fish,2,refrigerator,2,8,0,1,4.0,HIGH
spinach,5,refrigerator,2,14,2,0,2.8,HIGH
potato,21,room,2,14,2,1,0.6666666666666666,MEDIUM
apple,21,refrigerator,2,15,3,2,0.7142857142857143,MEDIUM
carrot,21,refrigerator,3,13,4,0,0.6190476190476191,MEDIUM
carrot,21,refrigerator,3,7,1,2,0.3333333333333333,MEDIUM
potato,21,room,2,17,0,0,0.8095238095238095,HIGH
bread,7,room,4,9,0,0,1.2857142857142858,HIGH
banana,5,room,1,19,4,3,3.8,HIGH
spinach,5,refrigerator,1,5,5,3,1.0,HIGH
orange,14,refrigerator,4,11,5,3,0.7857142857142857,HIGH
carrot,21,refrigerator,2,1,3,0,0.047619047619047616,LOW
spinach,5,refrigerator,3,6,3,1,1.2,HIGH
carrot,21,refrigerator,1,15,4,2,0.7142857142857143,MEDIUM
milk,5,refrigerator,5,2,3,2,0.4,MEDIUM
banana,5,room,5,12,0,2,2.4,HIGH
milk,5,refrigerator,4,2,0,3,0.4,HIGH
chicken,3,refrigerator,2,17,1,0,5.666666666666667,HIGH
carrot,21,refrigerator,1,10,5,3,0.47619047619047616,MEDIUM
apple,21,refrigerator,2,7,4,1,0.3333333333333333,LOW
apple,21,refrigerator,1,5,2,0,0.23809523809523808,LOW
milk,5,refrigerator,4,0,5,2,0.0,LOW
fish,2,refrigerator,4,0,2,3,0.0,MEDIUM
apple,21,refrigerator,5,7,1,3,0.3333333333333333,MEDIUM
carrot,21,refrigerator,2,4,1,1,0.19047619047619047,MEDIUM
potato,21,room,5,15,3,1,0.7142857142857143,MEDIUM
milk,5,refrigerator,2,10,1,3,2.0,HIGH
chicken,3,refrigerator,5,4,1,1,1.3333333333333333,HIGH
orange,14,refrigerator,3,3,2,2,0.21428571428571427,MEDIUM
orange,14,refrigerator,3,5,3,1,0.35714285714285715,MEDIUM
onion,21,room,3,13,1,1,0.6190476190476191,MEDIUM
bread,7,room,3,21,5,3,3.0,HIGH
banana,5,room,1,18,1,3,3.6,HIGH
apple,21,refrigerator,3,8,3,0,0.38095238095238093,MEDIUM
apple,21,refrigerator,4,11,4,0,0.5238095238095238,MEDIUM
bread,7,room,4,10,3,3,1.4285714285714286,HIGH
tomato,7,refrigerator,1,13,2,1,1.8571428571428572,HIGH
chicken,3,refrigerator,3,15,4,1,5.0,HIGH
cabbage,14,refrigerator,3,0,5,0,0.0,LOW
milk,5,refrigerator,3,12,0,0,2.4,HIGH
fish,2,refrigerator,5,20,3,0,10.0,HIGH
chicken,3,refrigerator,2,20,2,2,6.666666666666667,HIGH
egg,21,refrigerator,5,12,5,2,0.5714285714285714,MEDIUM
apple,21,refrigerator,2,1,4,0,0.047619047619047616,LOW
banana,5,room,3,3,5,1,0.6,MEDIUM
onion,21,room,3,5,3,0,0.23809523809523808,LOW
orange,14,refrigerator,5,4,1,2,0.2857142857142857,MEDIUM
apple,21,refrigerator,5,2,3,1,0.09523809523809523,LOW
onion,21,room,2,0,0,2,0.0,MEDIUM
carrot,21,refrigerator,4,3,3,1,0.14285714285714285,LOW
chicken,3,refrigerator,2,19,4,2,6.333333333333333,HIGH
carrot,21,refrigerator,5,1,4,1,0.047619047619047616,LOW
cabbage,14,refrigerator,5,4,3,1,0.2857142857142857,MEDIUM
potato,21,room,1,2,4,1,0.09523809523809523,LOW
egg,21,refrigerator,5,8,1,1,0.38095238095238093,MEDIUM
chicken,3,refrigerator,1,19,5,3,6.333333333333333,HIGH
tomato,7,refrigerator,4,5,3,2,0.7142857142857143,HIGH
cabbage,14,refrigerator,2,17,1,2,1.2142857142857142,HIGH
spinach,5,refrigerator,2,5,5,3,1.0,HIGH
tomato,7,refrigerator,1,18,5,1,2.5714285714285716,HIGH
milk,5,refrigerator,2,11,1,1,2.2,HIGH
banana,5,room,5,10,2,2,2.0,HIGH
chicken,3,refrigerator,3,1,3,3,0.3333333333333333,MEDIUM
spinach,5,refrigerator,1,14,5,1,2.8,HIGH
spinach,5,refrigerator,2,11,5,1,2.2,HIGH
cabbage,14,refrigerator,1,11,4,1,0.7857142857142857,MEDIUM
bread,7,room,1,8,5,0,1.1428571428571428,MEDIUM
potato,21,room,3,20,1,3,0.9523809523809523,HIGH
chicken,3,refrigerator,5,1,5,1,0.3333333333333333,MEDIUM
bread,7,room,1,21,2,0,3.0,HIGH
cabbage,14,refrigerator,2,2,3,3,0.14285714285714285,MEDIUM
milk,5,refrigerator,4,11,3,1,2.2,HIGH
orange,14,refrigerator,1,15,5,2,1.0714285714285714,HIGH
apple,21,refrigerator,1,20,0,0,0.9523809523809523,HIGH
apple,21,refrigerator,3,0,0,0,0.0,LOW
potato,21,room,5,20,1,1,0.9523809523809523,HIGH
milk,5,refrigerator,4,2,0,1,0.4,MEDIUM
fish,2,refrigerator,2,19,1,0,9.5,HIGH
potato,21,room,4,1,4,2,0.047619047619047616,LOW
chicken,3,refrigerator,2,8,1,2,2.6666666666666665,HIGH
chicken,3,refrigerator,5,18,0,3,6.0,HIGH
onion,21,room,2,14,5,1,0.6666666666666666,MEDIUM
bread,7,room,3,17,4,2,2.4285714285714284,HIGH
fish,2,refrigerator,3,10,0,3,5.0,HIGH
apple,21,refrigerator,3,15,1,2,0.7142857142857143,HIGH
spinach,5,refrigerator,3,21,2,1,4.2,HIGH
bread,7,room,4,16,3,3,2.2857142857142856,HIGH
egg,21,refrigerator,5,4,0,3,0.19047619047619047,MEDIUM
chicken,3,refrigerator,2,11,1,3,3.6666666666666665,HIGH
banana,5,room,2,10,4,2,2.0,HIGH
milk,5,refrigerator,3,14,0,1,2.8,HIGH
tomato,7,refrigerator,3,2,0,3,0.2857142857142857,MEDIUM
potato,21,room,1,0,3,0,0.0,LOW
chicken,3,refrigerator,5,19,1,1,6.333333333333333,HIGH
bread,7,room,4,15,2,0,2.142857142857143,HIGH
fish,2,refrigerator,2,1,4,0,0.5,LOW
banana,5,room,1,1,1,3,0.2,MEDIUM
bread,7,room,1,2,4,3,0.2857142857142857,MEDIUM
tomato,7,refrigerator,2,7,0,2,1.0,HIGH
banana,5,room,4,14,3,2,2.8,HIGH
egg,21,refrigerator,1,6,3,2,0.2857142857142857,MEDIUM
tomato,7,refrigerator,1,5,5,1,0.7142857142857143,MEDIUM
cabbage,14,refrigerator,5,8,2,2,0.5714285714285714,HIGH
carrot,21,refrigerator,4,19,3,0,0.9047619047619048,HIGH
cabbage,14,refrigerator,1,0,0,2,0.0,LOW
apple,21,refrigerator,4,7,2,3,0.3333333333333333,MEDIUM
bread,7,room,2,2,1,2,0.2857142857142857,MEDIUM
chicken,3,refrigerator,3,3,3,1,1.0,HIGH
chicken,3,refrigerator,1,14,2,1,4.666666666666667,HIGH
chicken,3,refrigerator,5,5,0,0,1.6666666666666667,HIGH
carrot,21,refrigerator,2,14,5,1,0.6666666666666666,MEDIUM
cabbage,14,refrigerator,4,20,4,2,1.4285714285714286,HIGH
carrot,21,refrigerator,2,2,4,3,0.09523809523809523,LOW
orange,14,refrigerator,1,20,0,1,1.4285714285714286,HIGH
bread,7,room,4,20,0,0,2.857142857142857,HIGH
carrot,21,refrigerator,3,13,4,2,0.6190476190476191,MEDIUM
spinach,5,refrigerator,2,19,5,0,3.8,HIGH
potato,21,room,1,13,2,1,0.6190476190476191,MEDIUM
potato,21,room,5,3,4,1,0.14285714285714285,LOW
spinach,5,refrigerator,4,11,0,0,2.2,HIGH
banana,5,room,2,16,3,2,3.2,HIGH
onion,21,room,2,6,1,1,0.2857142857142857,MEDIUM
banana,5,room,3,8,5,3,1.6,HIGH
tomato,7,refrigerator,3,2,5,1,0.2857142857142857,LOW
fish,2,refrigerator,5,12,3,2,6.0,HIGH
tomato,7,refrigerator,5,14,3,1,2.0,HIGH
carrot,21,refrigerator,1,17,0,0,0.8095238095238095,MEDIUM
cabbage,14,refrigerator,1,18,4,1,1.2857142857142858,HIGH
cabbage,14,refrigerator,5,0,2,1,0.0,LOW
potato,21,room,5,5,5,2,0.23809523809523808,MEDIUM
milk,5,refrigerator,4,1,5,0,0.2,LOW
banana,5,room,3,13,3,2,2.6,HIGH
orange,14,refrigerator,1,5,4,1,0.35714285714285715,LOW
bread,7,room,3,13,5,3,1.8571428571428572,HIGH
apple,21,refrigerator,3,3,2,1,0.14285714285714285,LOW
egg,21,refrigerator,5,20,3,2,0.9523809523809523,HIGH
cabbage,14,refrigerator,4,7,2,3,0.5,MEDIUM
bread,7,room,2,2,4,2,0.2857142857142857,LOW
egg,21,refrigerator,4,18,5,2,0.8571428571428571,MEDIUM
bread,7,room,4,13,1,0,1.8571428571428572,HIGH
carrot,21,refrigerator,3,19,5,3,0.9047619047619048,HIGH
egg,21,refrigerator,4,16,4,1,0.7619047619047619,MEDIUM
apple,21,refrigerator,1,7,5,2,0.3333333333333333,LOW
bread,7,room,3,13,5,1,1.8571428571428572,HIGH
spinach,5,refrigerator,1,5,0,0,1.0,HIGH
apple,21,refrigerator,2,21,5,0,1.0,MEDIUM
egg,21,refrigerator,3,15,5,3,0.7142857142857143,MEDIUM
apple,21,refrigerator,2,18,2,0,0.8571428571428571,MEDIUM
bread,7,room,3,13,1,0,1.8571428571428572,HIGH
onion,21,room,5,18,2,1,0.8571428571428571,HIGH
bread,7,room,4,2,2,0,0.2857142857142857,MEDIUM
bread,7,room,5,9,3,0,1.2857142857142858,HIGH
carrot,21,refrigerator,2,18,0,2,0.8571428571428571,HIGH
banana,5,room,4,8,2,0,1.6,HIGH
spinach,5,refrigerator,3,19,4,2,3.8,HIGH
orange,14,refrigerator,4,12,4,0,0.8571428571428571,MEDIUM
cabbage,14,refrigerator,1,6,5,0,0.42857142857142855,LOW
tomato,7,refrigerator,4,13,3,3,1.8571428571428572,HIGH
banana,5,room,1,8,0,3,1.6,HIGH
tomato,7,refrigerator,4,18,0,2,2.5714285714285716,HIGH
carrot,21,refrigerator,1,14,5,0,0.6666666666666666,MEDIUM
spinach,5,refrigerator,2,19,4,1,3.8,HIGH
chicken,3,refrigerator,5,13,1,3,4.333333333333333,HIGH
bread,7,room,3,5,3,1,0.7142857142857143,MEDIUM
chicken,3,refrigerator,4,20,5,3,6.666666666666667,HIGH
chicken,3,refrigerator,5,3,3,3,1.0,HIGH
fish,2,refrigerator,3,7,4,0,3.5,HIGH
potato,21,room,3,16,4,3,0.7619047619047619,HIGH
chicken,3,refrigerator,1,8,1,1,2.6666666666666665,HIGH
cabbage,14,refrigerator,2,0,1,3,0.0,MEDIUM
onion,21,room,2,19,0,2,0.9047619047619048,HIGH
potato,21,room,5,13,3,0,0.6190476190476191,MEDIUM
carrot,21,refrigerator,2,10,3,0,0.47619047619047616,MEDIUM
banana,5,room,4,20,4,2,4.0,HIGH
onion,21,room,2,2,0,2,0.09523809523809523,MEDIUM
apple,21,refrigerator,5,8,5,2,0.38095238095238093,MEDIUM
egg,21,refrigerator,2,13,3,3,0.6190476190476191,MEDIUM
fish,2,refrigerator,4,8,0,0,4.0,HIGH
onion,21,room,1,3,0,2,0.14285714285714285,MEDIUM
orange,14,refrigerator,5,3,4,3,0.21428571428571427,MEDIUM
chicken,3,refrigerator,1,7,0,2,2.3333333333333335,HIGH
carrot,21,refrigerator,1,1,1,1,0.047619047619047616,LOW
milk,5,refrigerator,1,8,1,1,1.6,HIGH
egg,21,refrigerator,3,13,2,0,0.6190476190476191,MEDIUM
tomato,7,refrigerator,3,21,4,3,3.0,HIGH
cabbage,14,refrigerator,1,8,5,1,0.5714285714285714,MEDIUM
tomato,7,refrigerator,5,15,2,1,2.142857142857143,HIGH
onion,21,room,4,16,1,3,0.7619047619047619,HIGH
tomato,7,refrigerator,4,15,2,2,2.142857142857143,HIGH
orange,14,refrigerator,2,11,4,3,0.7857142857142857,MEDIUM
carrot,21,refrigerator,5,2,4,2,0.09523809523809523,LOW
apple,21,refrigerator,3,10,0,1,0.47619047619047616,MEDIUM
banana,5,room,1,13,3,1,2.6,HIGH
cabbage,14,refrigerator,2,17,0,1,1.2142857142857142,HIGH
orange,14,refrigerator,4,20,4,0,1.4285714285714286,HIGH
orange,14,refrigerator,3,20,1,0,1.4285714285714286,HIGH
tomato,7,refrigerator,3,4,5,0,0.5714285714285714,MEDIUM
chicken,3,refrigerator,1,15,1,3,5.0,HIGH
tomato,7,refrigerator,4,19,0,1,2.7142857142857144,HIGH
onion,21,room,5,4,5,1,0.19047619047619047,LOW
banana,5,room,3,2,4,3,0.4,MEDIUM
potato,21,room,1,11,1,0,0.5238095238095238,MEDIUM
tomato,7,refrigerator,5,0,4,3,0.0,LOW
carrot,21,refrigerator,4,20,5,0,0.9523809523809523,MEDIUM
milk,5,refrigerator,3,8,5,1,1.6,HIGH
cabbage,14,refrigerator,5,8,1,2,0.5714285714285714,HIGH
bread,7,room,5,3,4,0,0.42857142857142855,MEDIUM
tomato,7,refrigerator,5,2,2,1,0.2857142857142857,MEDIUM
carrot,21,refrigerator,3,16,4,1,0.7619047619047619,MEDIUM
carrot,21,refrigerator,3,1,5,2,0.047619047619047616,LOW
cabbage,14,refrigerator,2,0,4,1,0.0,LOW
potato,21,room,4,7,0,1,0.3333333333333333,MEDIUM
carrot,21,refrigerator,1,12,2,0,0.5714285714285714,MEDIUM
milk,5,refrigerator,5,14,3,0,2.8,HIGH
carrot,21,refrigerator,2,7,0,2,0.3333333333333333,MEDIUM
carrot,21,refrigerator,1,11,3,2,0.5238095238095238,MEDIUM
carrot,21,refrigerator,2,21,1,1,1.0,HIGH
apple,21,refrigerator,3,11,3,0,0.5238095238095238,MEDIUM
apple,21,refrigerator,5,13,4,2,0.6190476190476191,MEDIUM
potato,21,room,1,14,3,2,0.6666666666666666,MEDIUM
tomato,7,refrigerator,1,14,5,3,2.0,HIGH
carrot,21,refrigerator,1,8,0,2,0.38095238095238093,MEDIUM
fish,2,refrigerator,1,18,0,1,9.0,HIGH
banana,5,room,1,19,3,0,3.8,HIGH
fish,2,refrigerator,2,21,0,2,10.5,HIGH
tomato,7,refrigerator,5,7,5,3,1.0,HIGH
potato,21,room,3,20,0,0,0.9523809523809523,HIGH
chicken,3,refrigerator,3,18,3,2,6.0,HIGH
chicken,3,refrigerator,3,5,2,3,1.6666666666666667,HIGH
spinach,5,refrigerator,3,19,2,2,3.8,HIGH
fish,2,refrigerator,2,18,1,0,9.0,HIGH
tomato,7,refrigerator,4,3,0,0,0.42857142857142855,MEDIUM
tomato,7,refrigerator,5,6,3,0,0.8571428571428571,HIGH
egg,21,refrigerator,1,3,0,1,0.14285714285714285,MEDIUM
onion,21,room,4,21,4,2,1.0,HIGH
bread,7,room,3,11,5,1,1.5714285714285714,HIGH
egg,21,refrigerator,4,12,0,0,0.5714285714285714,MEDIUM
milk,5,refrigerator,5,2,0,3,0.4,HIGH
apple,21,refrigerator,1,21,2,2,1.0,HIGH
apple,21,refrigerator,1,11,5,1,0.5238095238095238,LOW
onion,21,room,5,1,3,2,0.047619047619047616,MEDIUM
cabbage,14,refrigerator,5,1,0,3,0.07142857142857142,MEDIUM
cabbage,14,refrigerator,3,8,2,1,0.5714285714285714,MEDIUM
potato,21,room,1,0,1,0,0.0,LOW
orange,14,refrigerator,4,7,5,1,0.5,MEDIUM
onion,21,room,2,5,2,2,0.23809523809523808,MEDIUM
bread,7,room,2,5,2,2,0.7142857142857143,MEDIUM
tomato,7,refrigerator,5,21,2,2,3.0,HIGH
cabbage,14,refrigerator,3,17,0,2,1.2142857142857142,HIGH
bread,7,room,2,16,0,0,2.2857142857142856,HIGH
carrot,21,refrigerator,1,11,1,1,0.5238095238095238,MEDIUM
fish,2,refrigerator,5,5,4,0,2.5,HIGH
fish,2,refrigerator,4,7,4,0,3.5,HIGH
orange,14,refrigerator,5,18,4,0,1.2857142857142858,HIGH
banana,5,room,4,9,5,2,1.8,HIGH
tomato,7,refrigerator,5,0,5,2,0.0,LOW
milk,5,refrigerator,5,12,1,2,2.4,HIGH
carrot,21,refrigerator,5,16,5,1,0.7619047619047619,MEDIUM
carrot,21,refrigerator,4,2,4,3,0.09523809523809523,MEDIUM
fish,2,refrigerator,4,7,4,2,3.5,HIGH
onion,21,room,5,13,2,1,0.6190476190476191,MEDIUM
orange,14,refrigerator,2,2,5,2,0.14285714285714285,LOW
potato,21,room,3,15,0,2,0.7142857142857143,HIGH
milk,5,refrigerator,3,12,0,0,2.4,HIGH
cabbage,14,refrigerator,3,19,2,0,1.3571428571428572,HIGH
bread,7,room,4,16,2,0,2.2857142857142856,HIGH
onion,21,room,4,12,2,1,0.5714285714285714,MEDIUM
cabbage,14,refrigerator,2,5,0,3,0.35714285714285715,MEDIUM
onion,21,room,3,16,4,3,0.7619047619047619,HIGH
onion,21,room,3,13,2,1,0.6190476190476191,MEDIUM
onion,21,room,5,16,1,2,0.7619047619047619,HIGH
fish,2,refrigerator,4,7,2,1,3.5,HIGH
orange,14,refrigerator,3,10,3,2,0.7142857142857143,MEDIUM
potato,21,room,2,19,2,1,0.9047619047619048,HIGH
onion,21,room,2,0,0,1,0.0,LOW
spinach,5,refrigerator,3,6,5,1,1.2,HIGH
banana,5,room,4,20,2,3,4.0,HIGH
cabbage,14,refrigerator,2,20,5,0,1.4285714285714286,HIGH
tomato,7,refrigerator,5,16,3,1,2.2857142857142856,HIGH
egg,21,refrigerator,2,9,1,3,0.42857142857142855,MEDIUM
bread,7,room,1,10,5,0,1.4285714285714286,HIGH
fish,2,refrigerator,1,21,4,0,10.5,HIGH
milk,5,refrigerator,4,8,2,1,1.6,HIGH
apple,21,refrigerator,3,8,3,2,0.38095238095238093,MEDIUM
potato,21,room,4,4,3,2,0.19047619047619047,MEDIUM
tomato,7,refrigerator,4,16,5,2,2.2857142857142856,HIGH
carrot,21,refrigerator,4,8,1,1,0.38095238095238093,MEDIUM
chicken,3,refrigerator,4,16,0,2,5.333333333333333,HIGH
spinach,5,refrigerator,5,20,2,3,4.0,HIGH
apple,21,refrigerator,5,18,3,3,0.8571428571428571,HIGH
egg,21,refrigerator,2,6,1,3,0.2857142857142857,MEDIUM
tomato,7,refrigerator,1,8,4,3,1.1428571428571428,HIGH
apple,21,refrigerator,4,6,3,0,0.2857142857142857,LOW
tomato,7,refrigerator,2,12,1,3,1.7142857142857142,HIGH
bread,7,room,1,10,0,2,1.4285714285714286,HIGH
spinach,5,refrigerator,3,13,0,1,2.6,HIGH
egg,21,refrigerator,5,18,3,2,0.8571428571428571,HIGH
carrot,21,refrigerator,1,10,3,3,0.47619047619047616,MEDIUM
onion,21,room,3,12,5,0,0.5714285714285714,MEDIUM
cabbage,14,refrigerator,1,13,2,3,0.9285714285714286,HIGH
carrot,21,refrigerator,5,12,1,1,0.5714285714285714,MEDIUM
onion,21,room,5,0,3,2,0.0,LOW
chicken,3,refrigerator,2,7,2,1,2.3333333333333335,HIGH
fish,2,refrigerator,4,11,5,1,5.5,HIGH
orange,14,refrigerator,1,18,2,1,1.2857142857142858,HIGH
orange,14,refrigerator,1,11,3,2,0.7857142857142857,MEDIUM
orange,14,refrigerator,3,7,0,3,0.5,HIGH
potato,21,room,5,7,1,1,0.3333333333333333,MEDIUM
banana,5,room,1,20,1,2,4.0,HIGH
milk,5,refrigerator,5,12,0,0,2.4,HIGH
milk,5,refrigerator,1,11,3,2,2.2,HIGH
orange,14,refrigerator,2,15,1,0,1.0714285714285714,HIGH
cabbage,14,refrigerator,4,0,3,2,0.0,LOW
egg,21,refrigerator,1,12,5,3,0.5714285714285714,MEDIUM
spinach,5,refrigerator,5,6,3,1,1.2,HIGH
egg,21,refrigerator,2,4,2,3,0.19047619047619047,MEDIUM
spinach,5,refrigerator,1,7,0,2,1.4,HIGH
egg,21,refrigerator,3,13,3,1,0.6190476190476191,MEDIUM
banana,5,room,4,12,5,0,2.4,HIGH
potato,21,room,1,14,4,2,0.6666666666666666,MEDIUM
potato,21,room,2,16,0,1,0.7619047619047619,HIGH
orange,14,refrigerator,3,14,1,0,1.0,HIGH
chicken,3,refrigerator,2,19,2,0,6.333333333333333,HIGH
onion,21,room,2,17,1,3,0.8095238095238095,HIGH
chicken,3,refrigerator,3,17,5,2,5.666666666666667,HIGH
apple,21,refrigerator,2,1,5,0,0.047619047619047616,LOW
potato,21,room,3,3,1,1,0.14285714285714285,MEDIUM
potato,21,room,1,0,0,0,0.0,LOW
carrot,21,refrigerator,3,3,1,0,0.14285714285714285,LOW
carrot,21,refrigerator,3,17,3,3,0.8095238095238095,HIGH
onion,21,room,4,4,1,3,0.19047619047619047,MEDIUM
bread,7,room,3,18,2,1,2.5714285714285716,HIGH
apple,21,refrigerator,3,14,2,3,0.6666666666666666,HIGH
chicken,3,refrigerator,1,7,4,0,2.3333333333333335,HIGH
cabbage,14,refrigerator,4,19,2,0,1.3571428571428572,HIGH
carrot,21,refrigerator,5,16,1,3,0.7619047619047619,HIGH
cabbage,14,refrigerator,1,0,2,0,0.0,LOW
tomato,7,refrigerator,1,11,0,0,1.5714285714285714,HIGH
carrot,21,refrigerator,5,18,2,1,0.8571428571428571,HIGH
banana,5,room,3,14,3,3,2.8,HIGH
bread,7,room,2,8,0,0,1.1428571428571428,HIGH
apple,21,refrigerator,4,6,4,3,0.2857142857142857,MEDIUM
fish,2,refrigerator,2,1,3,1,0.5,MEDIUM
onion,21,room,5,8,1,3,0.38095238095238093,HIGH
tomato,7,refrigerator,1,9,1,0,1.2857142857142858,HIGH
fish,2,refrigerator,1,1,1,3,0.5,MEDIUM
apple,21,refrigerator,4,18,3,0,0.8571428571428571,MEDIUM
chicken,3,refrigerator,1,10,3,0,3.3333333333333335,HIGH
orange,14,refrigerator,1,12,3,0,0.8571428571428571,MEDIUM
banana,5,room,4,9,0,1,1.8,HIGH
apple,21,refrigerator,4,13,5,3,0.6190476190476191,MEDIUM
banana,5,room,5,17,0,1,3.4,HIGH
banana,5,room,1,18,1,3,3.6,HIGH
cabbage,14,refrigerator,1,21,5,1,1.5,HIGH
egg,21,refrigerator,5,8,2,2,0.38095238095238093,MEDIUM
fish,2,refrigerator,3,6,1,0,3.0,HIGH
orange,14,refrigerator,3,2,4,0,0.14285714285714285,LOW
chicken,3,refrigerator,3,19,0,1,6.333333333333333,HIGH
tomato,7,refrigerator,5,5,3,2,0.7142857142857143,HIGH
apple,21,refrigerator,1,20,0,0,0.9523809523809523,HIGH
spinach,5,refrigerator,5,1,3,3,0.2,MEDIUM
tomato,7,refrigerator,5,5,5,1,0.7142857142857143,MEDIUM
egg,21,refrigerator,3,2,4,0,0.09523809523809523,LOW
tomato,7,refrigerator,2,15,5,0,2.142857142857143,HIGH
potato,21,room,1,7,4,1,0.3333333333333333,LOW
chicken,3,refrigerator,3,1,0,1,0.3333333333333333,MEDIUM
spinach,5,refrigerator,2,16,3,3,3.2,HIGH
egg,21,refrigerator,2,8,5,3,0.38095238095238093,MEDIUM
cabbage,14,refrigerator,4,11,4,0,0.7857142857142857,MEDIUM
fish,2,refrigerator,1,2,1,0,1.0,HIGH
apple,21,refrigerator,2,10,1,1,0.47619047619047616,MEDIUM
bread,7,room,3,0,5,0,0.0,LOW
milk,5,refrigerator,4,12,3,0,2.4,HIGH
fish,2,refrigerator,1,14,5,1,7.0,HIGH
egg,21,refrigerator,5,4,0,0,0.19047619047619047,MEDIUM
onion,21,room,3,20,4,0,0.9523809523809523,MEDIUM
chicken,3,refrigerator,2,16,0,2,5.333333333333333,HIGH
apple,21,refrigerator,2,5,1,3,0.23809523809523808,MEDIUM
fish,2,refrigerator,3,20,4,1,10.0,HIGH
orange,14,refrigerator,2,21,5,2,1.5,HIGH
egg,21,refrigerator,4,10,0,3,0.47619047619047616,HIGH
potato,21,room,1,17,2,3,0.8095238095238095,HIGH
milk,5,refrigerator,4,3,3,3,0.6,MEDIUM
potato,21,room,2,2,3,2,0.09523809523809523,LOW
milk,5,refrigerator,5,12,2,2,2.4,HIGH
fish,2,refrigerator,1,8,1,3,4.0,HIGH
orange,14,refrigerator,1,20,4,0,1.4285714285714286,HIGH
bread,7,room,3,5,3,0,0.7142857142857143,MEDIUM
chicken,3,refrigerator,3,11,2,2,3.6666666666666665,HIGH
onion,21,room,5,1,5,2,0.047619047619047616,LOW
apple,21,refrigerator,1,2,2,2,0.09523809523809523,LOW
cabbage,14,refrigerator,5,2,1,3,0.14285714285714285,MEDIUM
potato,21,room,3,11,1,0,0.5238095238095238,MEDIUM
potato,21,room,3,14,0,2,0.6666666666666666,HIGH
banana,5,room,1,8,3,2,1.6,HIGH
milk,5,refrigerator,4,7,0,1,1.4,HIGH
carrot,21,refrigerator,2,10,2,3,0.47619047619047616,MEDIUM
bread,7,room,3,15,4,1,2.142857142857143,HIGH
apple,21,refrigerator,3,21,4,0,1.0,MEDIUM
milk,5,refrigerator,4,3,1,1,0.6,MEDIUM
banana,5,room,4,0,4,1,0.0,LOW
tomato,7,refrigerator,5,6,4,1,0.8571428571428571,HIGH
milk,5,refrigerator,5,1,4,3,0.2,MEDIUM
cabbage,14,refrigerator,2,4,2,0,0.2857142857142857,LOW
apple,21,refrigerator,2,6,4,1,0.2857142857142857,LOW
fish,2,refrigerator,1,3,5,3,1.5,HIGH
bread,7,room,5,4,4,0,0.5714285714285714,MEDIUM
banana,5,room,3,0,4,2,0.0,LOW
tomato,7,refrigerator,5,0,0,1,0.0,MEDIUM
chicken,3,refrigerator,3,14,2,0,4.666666666666667,HIGH
spinach,5,refrigerator,4,19,1,1,3.8,HIGH
banana,5,room,5,18,0,2,3.6,HIGH
spinach,5,refrigerator,4,9,3,0,1.8,HIGH
apple,21,refrigerator,2,17,2,3,0.8095238095238095,HIGH
potato,21,room,2,2,5,0,0.09523809523809523,LOW
banana,5,room,1,10,2,3,2.0,HIGH
chicken,3,refrigerator,5,14,3,0,4.666666666666667,HIGH
onion,21,room,4,10,3,3,0.47619047619047616,MEDIUM
spinach,5,refrigerator,3,16,3,2,3.2,HIGH
cabbage,14,refrigerator,2,16,1,2,1.1428571428571428,HIGH
onion,21,room,2,5,4,2,0.23809523809523808,LOW
egg,21,refrigerator,3,4,2,0,0.19047619047619047,LOW
egg,21,refrigerator,4,7,4,2,0.3333333333333333,MEDIUM
tomato,7,refrigerator,4,1,4,1,0.14285714285714285,LOW
bread,7,room,5,15,5,2,2.142857142857143,HIGH
potato,21,room,5,19,3,3,0.9047619047619048,HIGH
apple,21,refrigerator,1,11,1,3,0.5238095238095238,MEDIUM
banana,5,room,2,5,5,3,1.0,HIGH
carrot,21,refrigerator,5,0,0,0,0.0,LOW
cabbage,14,refrigerator,4,3,1,1,0.21428571428571427,MEDIUM
spinach,5,refrigerator,3,16,4,2,3.2,HIGH
apple,21,refrigerator,4,12,1,1,0.5714285714285714,MEDIUM
onion,21,room,2,17,3,1,0.8095238095238095,MEDIUM
orange,14,refrigerator,4,4,0,3,0.2857142857142857,MEDIUM
egg,21,refrigerator,1,2,3,3,0.09523809523809523,LOW
orange,14,refrigerator,2,10,0,3,0.7142857142857143,HIGH
chicken,3,refrigerator,3,12,5,0,4.0,HIGH
cabbage,14,refrigerator,1,3,4,1,0.21428571428571427,LOW
carrot,21,refrigerator,2,13,0,1,0.6190476190476191,MEDIUM
banana,5,room,3,21,0,0,4.2,HIGH
tomato,7,refrigerator,1,10,0,0,1.4285714285714286,HIGH
carrot,21,refrigerator,1,9,1,0,0.42857142857142855,MEDIUM
cabbage,14,refrigerator,2,18,5,1,1.2857142857142858,HIGH
carrot,21,refrigerator,5,17,1,1,0.8095238095238095,HIGH
cabbage,14,refrigerator,1,5,4,3,0.35714285714285715,MEDIUM
cabbage,14,refrigerator,1,14,0,3,1.0,HIGH
milk,5,refrigerator,3,20,5,1,4.0,HIGH
spinach,5,refrigerator,4,9,5,3,1.8,HIGH
fish,2,refrigerator,2,4,2,0,2.0,HIGH
orange,14,refrigerator,2,4,4,2,0.2857142857142857,LOW
fish,2,refrigerator,5,9,5,3,4.5,HIGH
fish,2,refrigerator,5,4,0,1,2.0,HIGH
fish,2,refrigerator,2,2,0,3,1.0,HIGH
egg,21,refrigerator,5,5,5,3,0.23809523809523808,MEDIUM
milk,5,refrigerator,3,3,1,3,0.6,HIGH
banana,5,room,2,17,4,2,3.4,HIGH
milk,5,refrigerator,5,8,0,0,1.6,HIGH
potato,21,room,2,16,5,1,0.7619047619047619,MEDIUM
potato,21,room,4,12,0,2,0.5714285714285714,HIGH
egg,21,refrigerator,1,14,5,1,0.6666666666666666,MEDIUM
carrot,21,refrigerator,2,19,4,1,0.9047619047619048,MEDIUM
spinach,5,refrigerator,1,16,5,1,3.2,HIGH
egg,21,refrigerator,5,12,2,2,0.5714285714285714,HIGH
cabbage,14,refrigerator,1,15,5,0,1.0714285714285714,MEDIUM
onion,21,room,2,21,5,1,1.0,MEDIUM
spinach,5,refrigerator,4,3,4,0,0.6,MEDIUM
bread,7,room,5,4,5,0,0.5714285714285714,MEDIUM
orange,14,refrigerator,2,4,4,3,0.2857142857142857,MEDIUM
spinach,5,refrigerator,5,8,2,2,1.6,HIGH
cabbage,14,refrigerator,3,16,4,2,1.1428571428571428,HIGH
cabbage,14,refrigerator,1,12,0,3,0.8571428571428571,HIGH
tomato,7,refrigerator,3,1,4,3,0.14285714285714285,MEDIUM
fish,2,refrigerator,2,12,2,0,6.0,HIGH
egg,21,refrigerator,4,21,3,1,1.0,HIGH
cabbage,14,refrigerator,5,20,5,2,1.4285714285714286,HIGH
potato,21,room,1,18,4,1,0.8571428571428571,MEDIUM
fish,2,refrigerator,5,2,5,1,1.0,HIGH
banana,5,room,2,9,1,3,1.8,HIGH
onion,21,room,5,1,0,1,0.047619047619047616,MEDIUM
orange,14,refrigerator,1,12,0,0,0.8571428571428571,HIGH
egg,21,refrigerator,2,18,1,3,0.8571428571428571,HIGH
apple,21,refrigerator,5,16,1,1,0.7619047619047619,HIGH
potato,21,room,4,20,4,3,0.9523809523809523,HIGH
chicken,3,refrigerator,2,13,1,0,4.333333333333333,HIGH
bread,7,room,2,11,3,0,1.5714285714285714,HIGH
carrot,21,refrigerator,4,20,5,1,0.9523809523809523,MEDIUM
cabbage,14,refrigerator,3,11,5,3,0.7857142857142857,MEDIUM
apple,21,refrigerator,1,10,2,1,0.47619047619047616,MEDIUM
cabbage,14,refrigerator,3,6,1,1,0.42857142857142855,MEDIUM
spinach,5,refrigerator,5,3,1,3,0.6,HIGH
potato,21,room,4,18,3,1,0.8571428571428571,HIGH
spinach,5,refrigerator,3,0,0,0,0.0,LOW
tomato,7,refrigerator,2,2,0,3,0.2857142857142857,MEDIUM
spinach,5,refrigerator,5,12,5,3,2.4,HIGH
tomato,7,refrigerator,5,14,5,3,2.0,HIGH
bread,7,room,3,1,4,3,0.14285714285714285,MEDIUM
tomato,7,refrigerator,3,10,3,1,1.4285714285714286,HIGH
apple,21,refrigerator,4,3,2,1,0.14285714285714285,MEDIUM
fish,2,refrigerator,1,18,2,0,9.0,HIGH
cabbage,14,refrigerator,3,16,3,2,1.1428571428571428,HIGH
carrot,21,refrigerator,3,2,2,2,0.09523809523809523,MEDIUM
fish,2,refrigerator,2,17,0,0,8.5,HIGH
orange,14,refrigerator,5,7,2,2,0.5,MEDIUM
spinach,5,refrigerator,1,21,2,0,4.2,HIGH
chicken,3,refrigerator,2,18,3,1,6.0,HIGH
orange,14,refrigerator,4,4,3,3,0.2857142857142857,MEDIUM
potato,21,room,4,6,2,3,0.2857142857142857,MEDIUM
tomato,7,refrigerator,3,20,1,1,2.857142857142857,HIGH
cabbage,14,refrigerator,3,7,3,3,0.5,MEDIUM
onion,21,room,4,4,4,3,0.19047619047619047,MEDIUM
egg,21,refrigerator,3,16,4,2,0.7619047619047619,MEDIUM
apple,21,refrigerator,1,4,0,1,0.19047619047619047,MEDIUM
carrot,21,refrigerator,3,3,2,2,0.14285714285714285,MEDIUM
milk,5,refrigerator,5,21,1,2,4.2,HIGH
apple,21,refrigerator,3,18,0,3,0.8571428571428571,HIGH
bread,7,room,2,20,2,3,2.857142857142857,HIGH
onion,21,room,1,1,3,1,0.047619047619047616,LOW
chicken,3,refrigerator,2,10,4,3,3.3333333333333335,HIGH
egg,21,refrigerator,2,21,5,3,1.0,HIGH
onion,21,room,5,12,1,1,0.5714285714285714,MEDIUM
spinach,5,refrigerator,1,14,5,3,2.8,HIGH
tomato,7,refrigerator,1,11,4,2,1.5714285714285714,HIGH
carrot,21,refrigerator,1,21,5,1,1.0,MEDIUM
banana,5,room,1,20,3,3,4.0,HIGH
tomato,7,refrigerator,1,21,2,0,3.0,HIGH
banana,5,room,5,10,3,1,2.0,HIGH
orange,14,refrigerator,3,6,5,1,0.42857142857142855,MEDIUM
egg,21,refrigerator,2,4,3,0,0.19047619047619047,LOW
cabbage,14,refrigerator,1,16,4,3,1.1428571428571428,HIGH
milk,5,refrigerator,3,19,1,3,3.8,HIGH
potato,21,room,3,8,3,1,0.38095238095238093,MEDIUM
fish,2,refrigerator,2,13,4,1,6.5,HIGH
tomato,7,refrigerator,5,11,1,3,1.5714285714285714,HIGH
carrot,21,refrigerator,4,5,2,3,0.23809523809523808,MEDIUM
fish,2,refrigerator,4,16,5,2,8.0,HIGH
bread,7,room,3,18,2,1,2.5714285714285716,HIGH
bread,7,room,2,18,0,1,2.5714285714285716,HIGH
onion,21,room,4,15,4,0,0.7142857142857143,MEDIUM
fish,2,refrigerator,3,11,1,2,5.5,HIGH
carrot,21,refrigerator,5,11,3,3,0.5238095238095238,MEDIUM
egg,21,refrigerator,4,19,2,2,0.9047619047619048,HIGH
orange,14,refrigerator,3,5,1,3,0.35714285714285715,MEDIUM
banana,5,room,3,3,4,3,0.6,MEDIUM
onion,21,room,1,5,0,2,0.23809523809523808,MEDIUM
bread,7,room,5,10,2,1,1.4285714285714286,HIGH
potato,21,room,1,0,5,3,0.0,LOW
potato,21,room,2,14,1,2,0.6666666666666666,HIGH
tomato,7,refrigerator,1,10,5,0,1.4285714285714286,HIGH
egg,21,refrigerator,1,18,1,2,0.8571428571428571,HIGH
cabbage,14,refrigerator,4,17,1,0,1.2142857142857142,HIGH
bread,7,room,3,16,4,3,2.2857142857142856,HIGH
chicken,3,refrigerator,5,18,4,2,6.0,HIGH
egg,21,refrigerator,1,20,4,2,0.9523809523809523,MEDIUM
orange,14,refrigerator,5,13,3,0,0.9285714285714286,HIGH
banana,5,room,1,17,1,2,3.4,HIGH
carrot,21,refrigerator,2,18,2,2,0.8571428571428571,HIGH
fish,2,refrigerator,1,14,5,3,7.0,HIGH
bread,7,room,4,14,4,2,2.0,HIGH
fish,2,refrigerator,3,3,4,1,1.5,HIGH
potato,21,room,2,6,5,0,0.2857142857142857,LOW
carrot,21,refrigerator,1,12,5,2,0.5714285714285714,MEDIUM
carrot,21,refrigerator,5,2,1,0,0.09523809523809523,MEDIUM
carrot,21,refrigerator,2,15,4,0,0.7142857142857143,MEDIUM
potato,21,room,2,8,5,0,0.38095238095238093,LOW
orange,14,refrigerator,1,7,3,2,0.5,MEDIUM
fish,2,refrigerator,2,19,3,2,9.5,HIGH
apple,21,refrigerator,5,12,4,0,0.5714285714285714,MEDIUM
fish,2,refrigerator,2,16,5,1,8.0,HIGH
spinach,5,refrigerator,5,16,1,0,3.2,HIGH
banana,5,room,1,16,1,1,3.2,HIGH
chicken,3,refrigerator,3,0,1,0,0.0,LOW
apple,21,refrigerator,2,7,0,3,0.3333333333333333,MEDIUM
banana,5,room,3,18,4,0,3.6,HIGH
onion,21,room,5,5,1,0,0.23809523809523808,MEDIUM
egg,21,refrigerator,2,2,3,2,0.09523809523809523,LOW
egg,21,refrigerator,4,4,5,1,0.19047619047619047,LOW
milk,5,refrigerator,3,12,2,3,2.4,HIGH
egg,21,refrigerator,2,14,2,1,0.6666666666666666,MEDIUM
fish,2,refrigerator,3,13,1,3,6.5,HIGH
potato,21,room,2,15,2,0,0.7142857142857143,MEDIUM
chicken,3,refrigerator,1,17,2,2,5.666666666666667,HIGH
cabbage,14,refrigerator,3,21,0,2,1.5,HIGH
tomato,7,refrigerator,4,21,3,1,3.0,HIGH
milk,5,refrigerator,4,10,3,2,2.0,HIGH
tomato,7,refrigerator,5,2,0,1,0.2857142857142857,MEDIUM
banana,5,room,2,21,0,1,4.2,HIGH
tomato,7,refrigerator,3,9,2,3,1.2857142857142858,HIGH
tomato,7,refrigerator,5,9,4,1,1.2857142857142858,HIGH
milk,5,refrigerator,3,20,5,3,4.0,HIGH
onion,21,room,2,15,5,2,0.7142857142857143,MEDIUM
fish,2,refrigerator,4,11,2,1,5.5,HIGH
carrot,21,refrigerator,1,1,5,1,0.047619047619047616,LOW
egg,21,refrigerator,4,8,0,0,0.38095238095238093,MEDIUM
egg,21,refrigerator,5,2,3,1,0.09523809523809523,LOW
potato,21,room,1,14,5,1,0.6666666666666666,MEDIUM
milk,5,refrigerator,5,2,2,0,0.4,MEDIUM
potato,21,room,2,18,4,0,0.8571428571428571,MEDIUM
cabbage,14,refrigerator,1,17,2,2,1.2142857142857142,HIGH
cabbage,14,refrigerator,5,7,1,1,0.5,MEDIUM
potato,21,room,2,16,2,2,0.7619047619047619,HIGH
milk,5,refrigerator,4,7,0,2,1.4,HIGH
potato,21,room,2,6,3,0,0.2857142857142857,LOW
egg,21,refrigerator,3,6,3,3,0.2857142857142857,MEDIUM
apple,21,refrigerator,2,2,5,2,0.09523809523809523,LOW
spinach,5,refrigerator,2,0,0,3,0.0,MEDIUM
chicken,3,refrigerator,3,3,1,1,1.0,HIGH
tomato,7,refrigerator,5,4,0,0,0.5714285714285714,MEDIUM
spinach,5,refrigerator,5,0,2,1,0.0,LOW
fish,2,refrigerator,2,14,0,1,7.0,HIGH
milk,5,refrigerator,3,4,0,0,0.8,HIGH
orange,14,refrigerator,3,12,1,1,0.8571428571428571,HIGH
spinach,5,refrigerator,4,7,2,0,1.4,HIGH
chicken,3,refrigerator,5,7,4,3,2.3333333333333335,HIGH
cabbage,14,refrigerator,1,4,4,1,0.2857142857142857,LOW
banana,5,room,5,8,3,0,1.6,HIGH
tomato,7,refrigerator,5,0,5,2,0.0,LOW
chicken,3,refrigerator,4,3,0,1,1.0,HIGH
carrot,21,refrigerator,1,2,3,3,0.09523809523809523,LOW
orange,14,refrigerator,4,1,1,0,0.07142857142857142,LOW
milk,5,refrigerator,1,7,4,1,1.4,HIGH
tomato,7,refrigerator,2,8,0,1,1.1428571428571428,HIGH
fish,2,refrigerator,1,1,1,1,0.5,MEDIUM
spinach,5,refrigerator,4,13,5,3,2.6,HIGH
cabbage,14,refrigerator,5,13,1,0,0.9285714285714286,HIGH
onion,21,room,1,3,0,2,0.14285714285714285,MEDIUM
apple,21,refrigerator,1,5,5,2,0.23809523809523808,LOW
carrot,21,refrigerator,3,10,1,2,0.47619047619047616,MEDIUM
orange,14,refrigerator,5,2,5,0,0.14285714285714285,LOW
apple,21,refrigerator,2,7,0,2,0.3333333333333333,MEDIUM
tomato,7,refrigerator,4,2,0,3,0.2857142857142857,MEDIUM
cabbage,14,refrigerator,2,13,5,0,0.9285714285714286,MEDIUM
cabbage,14,refrigerator,5,12,2,1,0.8571428571428571,HIGH
chicken,3,refrigerator,1,12,3,3,4.0,HIGH
spinach,5,refrigerator,1,1,1,1,0.2,LOW
chicken,3,refrigerator,5,12,1,2,4.0,HIGH
egg,21,refrigerator,1,18,2,3,0.8571428571428571,HIGH
spinach,5,refrigerator,1,5,2,0,1.0,MEDIUM
egg,21,refrigerator,1,15,2,3,0.7142857142857143,HIGH
chicken,3,refrigerator,4,1,4,1,0.3333333333333333,MEDIUM
egg,21,refrigerator,4,7,4,0,0.3333333333333333,LOW
carrot,21,refrigerator,3,16,5,3,0.7619047619047619,MEDIUM
chicken,3,refrigerator,2,1,4,3,0.3333333333333333,MEDIUM
spinach,5,refrigerator,5,9,0,3,1.8,HIGH
bread,7,room,5,15,5,3,2.142857142857143,HIGH
chicken,3,refrigerator,5,5,1,0,1.6666666666666667,HIGH
onion,21,room,3,1,3,1,0.047619047619047616,LOW
orange,14,refrigerator,4,1,0,3,0.07142857142857142,MEDIUM
potato,21,room,3,12,1,0,0.5714285714285714,MEDIUM
potato,21,room,5,14,1,1,0.6666666666666666,HIGH
spinach,5,refrigerator,2,1,5,3,0.2,LOW
spinach,5,refrigerator,1,6,2,1,1.2,HIGH
apple,21,refrigerator,4,2,2,1,0.09523809523809523,LOW
orange,14,refrigerator,4,7,0,0,0.5,MEDIUM
orange,14,refrigerator,3,13,2,1,0.9285714285714286,HIGH
carrot,21,refrigerator,4,21,1,0,1.0,HIGH
spinach,5,refrigerator,5,6,2,3,1.2,HIGH
orange,14,refrigerator,5,20,4,1,1.4285714285714286,HIGH
fish,2,refrigerator,3,6,2,1,3.0,HIGH
apple,21,refrigerator,5,0,1,2,0.0,MEDIUM
egg,21,refrigerator,2,16,5,3,0.7619047619047619,MEDIUM
cabbage,14,refrigerator,3,8,0,3,0.5714285714285714,HIGH
cabbage,14,refrigerator,2,20,3,2,1.4285714285714286,HIGH
egg,21,refrigerator,1,12,2,2,0.5714285714285714,MEDIUM
milk,5,refrigerator,2,20,1,0,4.0,HIGH
apple,21,refrigerator,1,18,3,0,0.8571428571428571,MEDIUM
fish,2,refrigerator,1,20,3,1,10.0,HIGH
orange,14,refrigerator,2,18,4,1,1.2857142857142858,HIGH
bread,7,room,3,21,3,1,3.0,HIGH
apple,21,refrigerator,5,16,5,1,0.7619047619047619,MEDIUM
chicken,3,refrigerator,5,9,1,0,3.0,HIGH
egg,21,refrigerator,1,9,1,3,0.42857142857142855,MEDIUM
fish,2,refrigerator,1,3,2,1,1.5,HIGH
onion,21,room,3,7,2,3,0.3333333333333333,MEDIUM
banana,5,room,4,21,2,1,4.2,HIGH
tomato,7,refrigerator,2,19,5,2,2.7142857142857144,HIGH
egg,21,refrigerator,1,19,3,1,0.9047619047619048,MEDIUM
bread,7,room,5,17,3,1,2.4285714285714284,HIGH
orange,14,refrigerator,3,13,4,1,0.9285714285714286,MEDIUM
bread,7,room,2,17,5,0,2.4285714285714284,HIGH
bread,7,room,3,13,2,2,1.8571428571428572,HIGH
spinach,5,refrigerator,2,19,0,1,3.8,HIGH
spinach,5,refrigerator,2,20,4,1,4.0,HIGH
carrot,21,refrigerator,1,14,0,3,0.6666666666666666,HIGH
egg,21,refrigerator,3,21,3,2,1.0,HIGH
carrot,21,refrigerator,3,3,4,1,0.14285714285714285,LOW
egg,21,refrigerator,5,12,4,3,0.5714285714285714,MEDIUM
apple,21,refrigerator,5,7,1,3,0.3333333333333333,MEDIUM
tomato,7,refrigerator,1,17,3,0,2.4285714285714284,HIGH
bread,7,room,1,11,3,3,1.5714285714285714,HIGH
apple,21,refrigerator,4,13,5,1,0.6190476190476191,MEDIUM
banana,5,room,5,1,4,0,0.2,LOW
cabbage,14,refrigerator,2,17,3,0,1.2142857142857142,HIGH
potato,21,room,3,1,4,1,0.047619047619047616,LOW
chicken,3,refrigerator,1,10,5,2,3.3333333333333335,HIGH
fish,2,refrigerator,3,8,5,3,4.0,HIGH
egg,21,refrigerator,3,11,1,0,0.5238095238095238,MEDIUM
banana,5,room,4,16,4,2,3.2,HIGH
cabbage,14,refrigerator,5,14,3,1,1.0,HIGH
orange,14,refrigerator,1,16,3,3,1.1428571428571428,HIGH
milk,5,refrigerator,3,17,4,3,3.4,HIGH
tomato,7,refrigerator,1,21,4,0,3.0,HIGH
fish,2,refrigerator,2,5,4,3,2.5,HIGH
carrot,21,refrigerator,4,16,2,3,0.7619047619047619,HIGH
carrot,21,refrigerator,2,17,3,3,0.8095238095238095,HIGH
apple,21,refrigerator,1,7,5,3,0.3333333333333333,LOW
fish,2,refrigerator,1,8,3,1,4.0,HIGH
spinach,5,refrigerator,5,5,2,2,1.0,HIGH
cabbage,14,refrigerator,3,4,4,1,0.2857142857142857,LOW
milk,5,refrigerator,3,11,1,1,2.2,HIGH
banana,5,room,2,10,4,0,2.0,HIGH
tomato,7,refrigerator,4,0,4,3,0.0,LOW
cabbage,14,refrigerator,3,10,2,1,0.7142857142857143,MEDIUM
milk,5,refrigerator,5,18,3,3,3.6,HIGH
potato,21,room,2,8,4,1,0.38095238095238093,LOW
egg,21,refrigerator,2,1,3,1,0.047619047619047616,LOW
carrot,21,refrigerator,5,11,0,0,0.5238095238095238,MEDIUM
banana,5,room,4,3,5,2,0.6,MEDIUM
carrot,21,refrigerator,5,3,3,2,0.14285714285714285,MEDIUM
banana,5,room,4,17,1,1,3.4,HIGH
apple,21,refrigerator,5,14,5,0,0.6666666666666666,MEDIUM
spinach,5,refrigerator,5,18,1,3,3.6,HIGH
banana,5,room,1,12,4,3,2.4,HIGH
carrot,21,refrigerator,2,18,5,1,0.8571428571428571,MEDIUM
apple,21,refrigerator,5,16,3,2,0.7619047619047619,HIGH
banana,5,room,5,5,5,0,1.0,MEDIUM
potato,21,room,3,15,4,2,0.7142857142857143,MEDIUM
spinach,5,refrigerator,2,11,2,3,2.2,HIGH
banana,5,room,3,18,1,2,3.6,HIGH
apple,21,refrigerator,2,4,4,3,0.19047619047619047,LOW
orange,14,refrigerator,3,16,2,0,1.1428571428571428,HIGH
cabbage,14,refrigerator,5,0,5,0,0.0,LOW
onion,21,room,5,9,5,1,0.42857142857142855,MEDIUM
milk,5,refrigerator,1,14,4,1,2.8,HIGH
onion,21,room,3,20,3,2,0.9523809523809523,HIGH
orange,14,refrigerator,4,20,5,0,1.4285714285714286,HIGH
onion,21,room,1,10,3,0,0.47619047619047616,LOW
orange,14,refrigerator,3,12,3,1,0.8571428571428571,MEDIUM
tomato,7,refrigerator,3,4,3,3,0.5714285714285714,MEDIUM
orange,14,refrigerator,1,0,0,2,0.0,LOW
orange,14,refrigerator,5,11,2,2,0.7857142857142857,HIGH
bread,7,room,3,10,2,1,1.4285714285714286,HIGH
orange,14,refrigerator,5,16,5,0,1.1428571428571428,HIGH
potato,21,room,1,3,5,1,0.14285714285714285,LOW
cabbage,14,refrigerator,5,14,3,1,1.0,HIGH
egg,21,refrigerator,2,8,0,1,0.38095238095238093,MEDIUM
banana,5,room,4,20,3,1,4.0,HIGH
milk,5,refrigerator,3,19,0,3,3.8,HIGH
spinach,5,refrigerator,4,18,3,3,3.6,HIGH
cabbage,14,refrigerator,5,18,1,0,1.2857142857142858,HIGH
carrot,21,refrigerator,3,11,1,1,0.5238095238095238,MEDIUM
egg,21,refrigerator,5,4,4,3,0.19047619047619047,MEDIUM
tomato,7,refrigerator,2,9,3,0,1.2857142857142858,HIGH
tomato,7,refrigerator,1,16,5,1,2.2857142857142856,HIGH
chicken,3,refrigerator,3,4,2,2,1.3333333333333333,HIGH
orange,14,refrigerator,2,21,4,3,1.5,HIGH
cabbage,14,refrigerator,2,15,5,0,1.0714285714285714,MEDIUM
apple,21,refrigerator,3,6,1,2,0.2857142857142857,MEDIUM
bread,7,room,5,8,3,1,1.1428571428571428,HIGH
onion,21,room,2,2,4,1,0.09523809523809523,LOW
carrot,21,refrigerator,4,14,3,1,0.6666666666666666,MEDIUM
tomato,7,refrigerator,2,15,1,3,2.142857142857143,HIGH
milk,5,refrigerator,5,17,4,0,3.4,HIGH
tomato,7,refrigerator,5,13,1,2,1.8571428571428572,HIGH
spinach,5,refrigerator,4,2,0,0,0.4,MEDIUM
banana,5,room,2,11,1,3,2.2,HIGH
tomato,7,refrigerator,5,8,3,0,1.1428571428571428,HIGH
spinach,5,refrigerator,3,6,2,3,1.2,HIGH
cabbage,14,refrigerator,1,8,1,1,0.5714285714285714,MEDIUM
cabbage,14,refrigerator,1,12,5,2,0.8571428571428571,MEDIUM
bread,7,room,1,17,2,1,2.4285714285714284,HIGH
chicken,3,refrigerator,2,4,0,0,1.3333333333333333,HIGH
egg,21,refrigerator,4,12,4,1,0.5714285714285714,MEDIUM
tomato,7,refrigerator,5,3,4,2,0.42857142857142855,MEDIUM
milk,5,refrigerator,3,1,2,1,0.2,MEDIUM
tomato,7,refrigerator,3,15,4,2,2.142857142857143,HIGH
chicken,3,refrigerator,2,8,1,2,2.6666666666666665,HIGH
fish,2,refrigerator,1,8,2,1,4.0,HIGH
milk,5,refrigerator,2,5,3,3,1.0,HIGH
potato,21,room,4,10,1,0,0.47619047619047616,MEDIUM
orange,14,refrigerator,4,21,1,3,1.5,HIGH
egg,21,refrigerator,5,21,1,3,1.0,HIGH
potato,21,room,5,0,3,1,0.0,LOW
fish,2,refrigerator,4,3,0,0,1.5,HIGH
fish,2,refrigerator,4,12,5,0,6.0,HIGH
chicken,3,refrigerator,4,12,4,3,4.0,HIGH
tomato,7,refrigerator,2,12,2,1,1.7142857142857142,HIGH
chicken,3,refrigerator,4,1,0,0,0.3333333333333333,MEDIUM
chicken,3,refrigerator,3,8,2,3,2.6666666666666665,HIGH
fish,2,refrigerator,1,7,4,0,3.5,HIGH
egg,21,refrigerator,4,6,3,1,0.2857142857142857,MEDIUM
potato,21,room,1,3,1,1,0.14285714285714285,LOW
onion,21,room,2,17,1,1,0.8095238095238095,HIGH
tomato,7,refrigerator,1,2,3,0,0.2857142857142857,LOW
fish,2,refrigerator,2,5,0,2,2.5,HIGH
potato,21,room,3,11,0,0,0.5238095238095238,MEDIUM
onion,21,room,2,11,2,2,0.5238095238095238,MEDIUM
onion,21,room,2,20,3,1,0.9523809523809523,HIGH
cabbage,14,refrigerator,5,7,0,3,0.5,HIGH
bread,7,room,4,21,3,2,3.0,HIGH
tomato,7,refrigerator,4,21,4,1,3.0,HIGH
onion,21,room,3,0,1,1,0.0,LOW
fish,2,refrigerator,3,3,1,2,1.5,HIGH
cabbage,14,refrigerator,4,20,1,3,1.4285714285714286,HIGH
potato,21,room,5,10,3,1,0.47619047619047616,MEDIUM
spinach,5,refrigerator,4,2,3,2,0.4,MEDIUM
tomato,7,refrigerator,5,12,2,3,1.7142857142857142,HIGH
egg,21,refrigerator,3,16,1,3,0.7619047619047619,HIGH
chicken,3,refrigerator,1,21,2,1,7.0,HIGH
milk,5,refrigerator,3,21,1,0,4.2,HIGH
milk,5,refrigerator,3,9,2,0,1.8,HIGH
potato,21,room,2,20,2,1,0.9523809523809523,HIGH
apple,21,refrigerator,2,11,4,3,0.5238095238095238,MEDIUM
apple,21,refrigerator,2,14,2,1,0.6666666666666666,MEDIUM
potato,21,room,2,20,3,2,0.9523809523809523,HIGH
fish,2,refrigerator,5,9,2,0,4.5,HIGH
onion,21,room,4,13,1,2,0.6190476190476191,HIGH
bread,7,room,1,12,2,1,1.7142857142857142,HIGH
tomato,7,refrigerator,3,4,0,1,0.5714285714285714,MEDIUM
milk,5,refrigerator,5,5,5,3,1.0,HIGH
milk,5,refrigerator,1,1,1,3,0.2,MEDIUM
bread,7,room,5,21,0,3,3.0,HIGH
onion,21,room,5,16,1,2,0.7619047619047619,HIGH
milk,5,refrigerator,3,3,3,3,0.6,MEDIUM
chicken,3,refrigerator,4,13,5,1,4.333333333333333,HIGH
egg,21,refrigerator,2,9,5,3,0.42857142857142855,MEDIUM
tomato,7,refrigerator,4,2,3,0,0.2857142857142857,LOW
banana,5,room,3,2,5,3,0.4,MEDIUM
milk,5,refrigerator,3,14,3,2,2.8,HIGH
potato,21,room,3,5,0,0,0.23809523809523808,MEDIUM
egg,21,refrigerator,1,16,4,0,0.7619047619047619,MEDIUM
milk,5,refrigerator,4,11,1,0,2.2,HIGH
orange,14,refrigerator,4,21,3,2,1.5,HIGH
chicken,3,refrigerator,5,19,1,1,6.333333333333333,HIGH
egg,21,refrigerator,5,10,0,3,0.47619047619047616,HIGH
cabbage,14,refrigerator,5,3,4,0,0.21428571428571427,LOW
banana,5,room,3,5,0,0,1.0,HIGH
carrot,21,refrigerator,4,0,5,0,0.0,LOW
potato,21,room,3,19,1,1,0.9047619047619048,HIGH
potato,21,room,1,15,4,1,0.7142857142857143,MEDIUM
tomato,7,refrigerator,5,14,5,2,2.0,HIGH
bread,7,room,3,16,4,1,2.2857142857142856,HIGH
egg,21,refrigerator,3,7,5,3,0.3333333333333333,MEDIUM
onion,21,room,1,11,0,2,0.5238095238095238,MEDIUM
potato,21,room,2,21,3,2,1.0,HIGH
egg,21,refrigerator,4,20,1,3,0.9523809523809523,HIGH
fish,2,refrigerator,2,9,2,3,4.5,HIGH
egg,21,refrigerator,5,14,2,3,0.6666666666666666,HIGH
fish,2,refrigerator,3,8,0,2,4.0,HIGH
orange,14,refrigerator,1,1,1,2,0.07142857142857142,LOW
spinach,5,refrigerator,1,4,1,2,0.8,HIGH
spinach,5,refrigerator,4,5,0,3,1.0,HIGH
carrot,21,refrigerator,2,6,1,3,0.2857142857142857,MEDIUM
cabbage,14,refrigerator,4,20,3,0,1.4285714285714286,HIGH
carrot,21,refrigerator,3,0,0,1,0.0,LOW
fish,2,refrigerator,4,6,3,0,3.0,HIGH
milk,5,refrigerator,1,19,1,3,3.8,HIGH
onion,21,room,1,11,0,2,0.5238095238095238,MEDIUM
milk,5,refrigerator,5,15,1,3,3.0,HIGH
apple,21,refrigerator,5,15,0,1,0.7142857142857143,HIGH
milk,5,refrigerator,3,10,1,0,2.0,HIGH
tomato,7,refrigerator,2,20,3,0,2.857142857142857,HIGH
milk,5,refrigerator,4,3,3,2,0.6,MEDIUM
carrot,21,refrigerator,3,12,1,0,0.5714285714285714,MEDIUM
potato,21,room,5,6,0,0,0.2857142857142857,MEDIUM
chicken,3,refrigerator,4,3,2,3,1.0,HIGH
potato,21,room,5,14,3,0,0.6666666666666666,MEDIUM
spinach,5,refrigerator,4,18,3,0,3.6,HIGH
chicken,3,refrigerator,2,8,5,0,2.6666666666666665,HIGH
bread,7,room,3,10,2,2,1.4285714285714286,HIGH
onion,21,room,4,7,1,2,0.3333333333333333,MEDIUM
onion,21,room,1,0,0,3,0.0,MEDIUM
tomato,7,refrigerator,1,7,5,0,1.0,MEDIUM
carrot,21,refrigerator,4,12,1,2,0.5714285714285714,HIGH
spinach,5,refrigerator,4,21,4,2,4.2,HIGH
orange,14,refrigerator,4,3,3,3,0.21428571428571427,MEDIUM
apple,21,refrigerator,1,7,4,1,0.3333333333333333,LOW
onion,21,room,1,2,3,0,0.09523809523809523,LOW
potato,21,room,4,8,3,2,0.38095238095238093,MEDIUM
milk,5,refrigerator,5,1,4,3,0.2,MEDIUM
milk,5,refrigerator,5,1,4,3,0.2,MEDIUM
bread,7,room,2,12,1,3,1.7142857142857142,HIGH
spinach,5,refrigerator,3,14,5,2,2.8,HIGH
carrot,21,refrigerator,5,11,5,0,0.5238095238095238,MEDIUM
carrot,21,refrigerator,1,3,4,1,0.14285714285714285,LOW
cabbage,14,refrigerator,5,7,1,0,0.5,MEDIUM
fish,2,refrigerator,2,8,5,3,4.0,HIGH
banana,5,room,2,4,1,3,0.8,HIGH
onion,21,room,3,19,1,1,0.9047619047619048,HIGH
carrot,21,refrigerator,5,17,3,0,0.8095238095238095,MEDIUM
bread,7,room,1,10,5,3,1.4285714285714286,HIGH
potato,21,room,1,14,5,3,0.6666666666666666,MEDIUM
spinach,5,refrigerator,4,21,3,0,4.2,HIGH
apple,21,refrigerator,1,8,4,3,0.38095238095238093,MEDIUM
cabbage,14,refrigerator,3,16,3,0,1.1428571428571428,HIGH
bread,7,room,3,11,5,3,1.5714285714285714,HIGH
egg,21,refrigerator,1,6,5,0,0.2857142857142857,LOW
tomato,7,refrigerator,1,9,4,1,1.2857142857142858,HIGH
apple,21,refrigerator,4,9,3,3,0.42857142857142855,MEDIUM
fish,2,refrigerator,1,12,0,1,6.0,HIGH
egg,21,refrigerator,4,18,0,3,0.8571428571428571,HIGH
orange,14,refrigerator,4,10,4,3,0.7142857142857143,HIGH
fish,2,refrigerator,1,12,3,2,6.0,HIGH
milk,5,refrigerator,2,20,3,0,4.0,HIGH
tomato,7,refrigerator,2,7,1,1,1.0,HIGH
onion,21,room,4,7,5,1,0.3333333333333333,LOW
potato,21,room,1,3,2,1,0.14285714285714285,LOW
tomato,7,refrigerator,2,14,4,0,2.0,HIGH
fish,2,refrigerator,1,10,2,2,5.0,HIGH
banana,5,room,1,10,2,1,2.0,HIGH
egg,21,refrigerator,1,0,4,0,0.0,LOW
onion,21,room,5,16,3,3,0.7619047619047619,HIGH
chicken,3,refrigerator,1,14,4,1,4.666666666666667,HIGH
banana,5,room,5,19,2,1,3.8,HIGH
milk,5,refrigerator,4,5,5,2,1.0,HIGH
banana,5,room,2,21,5,1,4.2,HIGH
cabbage,14,refrigerator,2,14,5,1,1.0,MEDIUM
cabbage,14,refrigerator,2,8,3,3,0.5714285714285714,MEDIUM
orange,14,refrigerator,2,13,0,0,0.9285714285714286,HIGH
fish,2,refrigerator,2,17,4,0,8.5,HIGH
spinach,5,refrigerator,2,16,5,2,3.2,HIGH
apple,21,refrigerator,2,17,4,3,0.8095238095238095,HIGH
apple,21,refrigerator,4,4,5,0,0.19047619047619047,LOW
chicken,3,refrigerator,1,19,3,3,6.333333333333333,HIGH
chicken,3,refrigerator,3,19,0,0,6.333333333333333,HIGH
onion,21,room,5,8,0,3,0.38095238095238093,HIGH
milk,5,refrigerator,3,10,5,2,2.0,HIGH
carrot,21,refrigerator,3,21,3,1,1.0,HIGH
orange,14,refrigerator,1,0,1,2,0.0,LOW
cabbage,14,refrigerator,1,17,4,0,1.2142857142857142,HIGH
onion,21,room,1,5,4,2,0.23809523809523808,LOW
carrot,21,refrigerator,2,1,2,1,0.047619047619047616,LOW
apple,21,refrigerator,4,14,3,2,0.6666666666666666,MEDIUM
spinach,5,refrigerator,2,20,2,0,4.0,HIGH
banana,5,room,4,13,5,0,2.6,HIGH
cabbage,14,refrigerator,4,4,2,2,0.2857142857142857,MEDIUM
onion,21,room,3,5,0,1,0.23809523809523808,MEDIUM
tomato,7,refrigerator,3,5,4,2,0.7142857142857143,MEDIUM
carrot,21,refrigerator,4,21,2,1,1.0,HIGH
banana,5,room,4,17,0,3,3.4,HIGH
cabbage,14,refrigerator,2,13,3,1,0.9285714285714286,HIGH
apple,21,refrigerator,2,9,2,3,0.42857142857142855,MEDIUM
bread,7,room,3,13,5,2,1.8571428571428572,HIGH
milk,5,refrigerator,1,12,5,1,2.4,HIGH
carrot,21,refrigerator,4,2,5,3,0.09523809523809523,LOW
apple,21,refrigerator,2,5,4,3,0.23809523809523808,MEDIUM
cabbage,14,refrigerator,3,7,2,3,0.5,MEDIUM
carrot,21,refrigerator,2,11,3,0,0.5238095238095238,MEDIUM
orange,14,refrigerator,4,12,2,2,0.8571428571428571,HIGH
banana,5,room,4,10,4,3,2.0,HIGH
cabbage,14,refrigerator,5,11,0,1,0.7857142857142857,HIGH
orange,14,refrigerator,1,0,4,3,0.0,LOW
egg,21,refrigerator,5,16,5,0,0.7619047619047619,MEDIUM
onion,21,room,3,15,0,2,0.7142857142857143,HIGH
bread,7,room,2,10,5,0,1.4285714285714286,HIGH
chicken,3,refrigerator,3,12,1,0,4.0,HIGH
banana,5,room,4,17,4,0,3.4,HIGH
carrot,21,refrigerator,5,10,4,1,0.47619047619047616,MEDIUM
milk,5,refrigerator,5,11,3,2,2.2,HIGH
apple,21,refrigerator,5,5,2,2,0.23809523809523808,MEDIUM
chicken,3,refrigerator,3,8,0,1,2.6666666666666665,HIGH
tomato,7,refrigerator,4,15,0,2,2.142857142857143,HIGH
apple,21,refrigerator,2,3,3,0,0.14285714285714285,LOW
carrot,21,refrigerator,2,2,3,2,0.09523809523809523,LOW
bread,7,room,3,15,2,1,2.142857142857143,HIGH
fish,2,refrigerator,5,11,5,0,5.5,HIGH
apple,21,refrigerator,1,10,2,1,0.47619047619047616,MEDIUM
fish,2,refrigerator,3,4,4,3,2.0,HIGH
onion,21,room,3,17,5,0,0.8095238095238095,MEDIUM
bread,7,room,4,18,1,0,2.5714285714285716,HIGH
cabbage,14,refrigerator,2,5,2,2,0.35714285714285715,MEDIUM
orange,14,refrigerator,3,21,3,0,1.5,HIGH
tomato,7,refrigerator,3,17,5,1,2.4285714285714284,HIGH
potato,21,room,5,5,2,2,0.23809523809523808,MEDIUM
carrot,21,refrigerator,5,3,0,3,0.14285714285714285,MEDIUM
spinach,5,refrigerator,1,11,1,1,2.2,HIGH
potato,21,room,4,18,4,3,0.8571428571428571,HIGH
apple,21,refrigerator,1,1,0,3,0.047619047619047616,MEDIUM
chicken,3,refrigerator,5,16,0,3,5.333333333333333,HIGH
carrot,21,refrigerator,2,10,1,0,0.47619047619047616,MEDIUM
orange,14,refrigerator,5,10,4,1,0.7142857142857143,MEDIUM
egg,21,refrigerator,4,20,3,1,0.9523809523809523,HIGH
orange,14,refrigerator,5,15,5,0,1.0714285714285714,HIGH
spinach,5,refrigerator,4,1,4,2,0.2,MEDIUM
tomato,7,refrigerator,4,1,2,3,0.14285714285714285,MEDIUM
orange,14,refrigerator,4,7,0,1,0.5,MEDIUM
milk,5,refrigerator,4,12,2,0,2.4,HIGH
egg,21,refrigerator,4,9,3,3,0.42857142857142855,MEDIUM
potato,21,room,2,7,2,2,0.3333333333333333,MEDIUM
cabbage,14,refrigerator,1,3,4,2,0.21428571428571427,LOW
onion,21,room,3,14,2,3,0.6666666666666666,HIGH
milk,5,refrigerator,1,0,3,2,0.0,LOW
egg,21,refrigerator,4,10,3,1,0.47619047619047616,MEDIUM
cabbage,14,refrigerator,2,6,3,1,0.42857142857142855,MEDIUM
cabbage,14,refrigerator,5,16,4,1,1.1428571428571428,HIGH
carrot,21,refrigerator,2,19,3,2,0.9047619047619048,HIGH
egg,21,refrigerator,4,17,0,1,0.8095238095238095,HIGH
tomato,7,refrigerator,2,21,3,0,3.0,HIGH
apple,21,refrigerator,2,21,2,1,1.0,HIGH
spinach,5,refrigerator,4,11,5,1,2.2,HIGH
spinach,5,refrigerator,2,8,2,2,1.6,HIGH
potato,21,room,3,4,5,1,0.19047619047619047,LOW
potato,21,room,3,9,2,3,0.42857142857142855,MEDIUM
spinach,5,refrigerator,2,3,4,0,0.6,MEDIUM
orange,14,refrigerator,5,4,2,2,0.2857142857142857,MEDIUM
tomato,7,refrigerator,4,9,4,0,1.2857142857142858,HIGH
fish,2,refrigerator,3,10,4,3,5.0,HIGH
orange,14,refrigerator,5,20,3,2,1.4285714285714286,HIGH
chicken,3,refrigerator,2,9,0,2,3.0,HIGH
orange,14,refrigerator,5,7,5,1,0.5,MEDIUM
onion,21,room,1,1,3,0,0.047619047619047616,LOW
banana,5,room,3,7,3,3,1.4,HIGH
apple,21,refrigerator,2,15,4,3,0.7142857142857143,MEDIUM
onion,21,room,4,21,4,2,1.0,HIGH
carrot,21,refrigerator,2,4,5,1,0.19047619047619047,LOW
banana,5,room,4,2,2,2,0.4,MEDIUM
banana,5,room,2,11,2,2,2.2,HIGH
egg,21,refrigerator,5,12,3,2,0.5714285714285714,MEDIUM
tomato,7,refrigerator,5,12,1,2,1.7142857142857142,HIGH
tomato,7,refrigerator,5,9,1,3,1.2857142857142858,HIGH
banana,5,room,1,3,2,3,0.6,MEDIUM
chicken,3,refrigerator,4,8,1,2,2.6666666666666665,HIGH
orange,14,refrigerator,5,21,2,2,1.5,HIGH
egg,21,refrigerator,1,1,4,1,0.047619047619047616,LOW
apple,21,refrigerator,4,18,3,2,0.8571428571428571,HIGH
banana,5,room,2,0,0,3,0.0,MEDIUM
milk,5,refrigerator,1,6,3,0,1.2,HIGH
potato,21,room,3,16,2,3,0.7619047619047619,HIGH
potato,21,room,1,2,2,1,0.09523809523809523,LOW
onion,21,room,1,19,3,3,0.9047619047619048,HIGH
carrot,21,refrigerator,4,19,5,0,0.9047619047619048,MEDIUM
bread,7,room,2,20,2,2,2.857142857142857,HIGH
bread,7,room,3,2,1,0,0.2857142857142857,MEDIUM
potato,21,room,5,2,1,2,0.09523809523809523,MEDIUM
fish,2,refrigerator,5,16,2,2,8.0,HIGH
cabbage,14,refrigerator,1,6,2,3,0.42857142857142855,MEDIUM
onion,21,room,4,13,5,3,0.6190476190476191,MEDIUM
bread,7,room,4,16,1,3,2.2857142857142856,HIGH
potato,21,room,5,17,2,1,0.8095238095238095,HIGH
carrot,21,refrigerator,3,12,2,3,0.5714285714285714,MEDIUM
bread,7,room,2,19,5,1,2.7142857142857144,HIGH
orange,14,refrigerator,3,19,5,3,1.3571428571428572,HIGH
orange,14,refrigerator,2,20,3,2,1.4285714285714286,HIGH
tomato,7,refrigerator,5,17,5,1,2.4285714285714284,HIGH
chicken,3,refrigerator,2,3,0,0,1.0,HIGH
tomato,7,refrigerator,4,0,1,1,0.0,LOW
apple,21,refrigerator,1,17,3,1,0.8095238095238095,MEDIUM
banana,5,room,1,0,0,0,0.0,LOW
milk,5,refrigerator,5,12,2,1,2.4,HIGH
tomato,7,refrigerator,4,19,2,2,2.7142857142857144,HIGH
bread,7,room,3,19,3,3,2.7142857142857144,HIGH
fish,2,refrigerator,4,9,5,0,4.5,HIGH
egg,21,refrigerator,1,10,2,3,0.47619047619047616,MEDIUM
potato,21,room,1,8,4,2,0.38095238095238093,MEDIUM
egg,21,refrigerator,4,8,3,0,0.38095238095238093,MEDIUM
carrot,21,refrigerator,4,4,0,3,0.19047619047619047,MEDIUM
tomato,7,refrigerator,1,0,3,3,0.0,LOW
milk,5,refrigerator,3,16,1,2,3.2,HIGH
carrot,21,refrigerator,5,21,5,3,1.0,HIGH
cabbage,14,refrigerator,5,1,5,2,0.07142857142857142,LOW
cabbage,14,refrigerator,4,12,3,1,0.8571428571428571,HIGH
egg,21,refrigerator,5,8,2,2,0.38095238095238093,MEDIUM
banana,5,room,1,3,2,1,0.6,MEDIUM
onion,21,room,1,4,4,0,0.19047619047619047,LOW
banana,5,room,4,10,4,3,2.0,HIGH
bread,7,room,4,18,5,2,2.5714285714285716,HIGH
orange,14,refrigerator,4,20,4,2,1.4285714285714286,HIGH
apple,21,refrigerator,3,2,0,3,0.09523809523809523,MEDIUM
banana,5,room,5,11,4,3,2.2,HIGH
chicken,3,refrigerator,4,18,0,0,6.0,HIGH
apple,21,refrigerator,2,18,4,0,0.8571428571428571,MEDIUM
apple,21,refrigerator,2,12,5,2,0.5714285714285714,MEDIUM
milk,5,refrigerator,1,6,5,0,1.2,MEDIUM
tomato,7,refrigerator,5,14,0,1,2.0,HIGH
milk,5,refrigerator,4,6,3,0,1.2,HIGH
apple,21,refrigerator,2,7,5,0,0.3333333333333333,LOW
carrot,21,refrigerator,5,4,3,2,0.19047619047619047,MEDIUM
cabbage,14,refrigerator,1,20,2,1,1.4285714285714286,HIGH
apple,21,refrigerator,3,13,0,0,0.6190476190476191,MEDIUM
milk,5,refrigerator,5,3,5,1,0.6,MEDIUM
fish,2,refrigerator,5,9,1,1,4.5,HIGH
carrot,21,refrigerator,3,19,2,1,0.9047619047619048,HIGH
milk,5,refrigerator,5,14,3,3,2.8,HIGH
banana,5,room,1,17,5,3,3.4,HIGH
potato,21,room,1,19,0,3,0.9047619047619048,HIGH
egg,21,refrigerator,3,12,4,3,0.5714285714285714,MEDIUM
onion,21,room,4,7,1,2,0.3333333333333333,MEDIUM
orange,14,refrigerator,2,8,3,0,0.5714285714285714,MEDIUM
milk,5,refrigerator,4,15,2,3,3.0,HIGH
chicken,3,refrigerator,5,18,0,2,6.0,HIGH
onion,21,room,2,15,1,0,0.7142857142857143,MEDIUM
fish,2,refrigerator,3,6,0,3,3.0,HIGH
spinach,5,refrigerator,3,13,5,0,2.6,HIGH
milk,5,refrigerator,2,13,4,3,2.6,HIGH
potato,21,room,1,3,2,2,0.14285714285714285,LOW
onion,21,room,2,14,0,1,0.6666666666666666,MEDIUM
orange,14,refrigerator,5,2,3,1,0.14285714285714285,MEDIUM
apple,21,refrigerator,1,4,5,0,0.19047619047619047,LOW
milk,5,refrigerator,3,0,5,2,0.0,LOW
tomato,7,refrigerator,2,2,2,1,0.2857142857142857,MEDIUM
fish,2,refrigerator,4,14,5,3,7.0,HIGH
egg,21,refrigerator,4,7,3,1,0.3333333333333333,MEDIUM
potato,21,room,5,3,0,0,0.14285714285714285,MEDIUM
bread,7,room,4,1,2,0,0.14285714285714285,LOW
bread,7,room,2,9,5,2,1.2857142857142858,HIGH
chicken,3,refrigerator,2,3,5,0,1.0,MEDIUM
onion,21,room,4,2,3,1,0.09523809523809523,LOW
potato,21,room,2,1,4,1,0.047619047619047616,LOW
carrot,21,refrigerator,5,16,4,1,0.7619047619047619,MEDIUM
orange,14,refrigerator,1,20,5,1,1.4285714285714286,HIGH
egg,21,refrigerator,5,19,0,2,0.9047619047619048,HIGH
apple,21,refrigerator,5,12,2,3,0.5714285714285714,HIGH
milk,5,refrigerator,2,4,5,3,0.8,MEDIUM
milk,5,refrigerator,1,20,1,2,4.0,HIGH
bread,7,room,2,8,2,0,1.1428571428571428,HIGH
milk,5,refrigerator,3,21,4,3,4.2,HIGH
egg,21,refrigerator,2,5,5,0,0.23809523809523808,LOW
tomato,7,refrigerator,2,4,3,3,0.5714285714285714,MEDIUM
spinach,5,refrigerator,2,9,1,0,1.8,HIGH
chicken,3,refrigerator,1,7,5,2,2.3333333333333335,HIGH
cabbage,14,refrigerator,2,6,0,1,0.42857142857142855,MEDIUM
banana,5,room,1,6,1,0,1.2,HIGH
chicken,3,refrigerator,4,5,5,1,1.6666666666666667,HIGH
onion,21,room,3,20,0,0,0.9523809523809523,HIGH
tomato,7,refrigerator,1,19,1,0,2.7142857142857144,HIGH
chicken,3,refrigerator,4,2,0,0,0.6666666666666666,HIGH
apple,21,refrigerator,1,18,0,0,0.8571428571428571,HIGH
bread,7,room,1,21,1,0,3.0,HIGH
fish,2,refrigerator,3,14,1,1,7.0,HIGH
onion,21,room,5,3,0,0,0.14285714285714285,MEDIUM
milk,5,refrigerator,5,11,4,1,2.2,HIGH
potato,21,room,1,5,1,2,0.23809523809523808,MEDIUM
apple,21,refrigerator,2,18,5,3,0.8571428571428571,MEDIUM
onion,21,room,4,3,2,0,0.14285714285714285,LOW
fish,2,refrigerator,2,14,3,3,7.0,HIGH
orange,14,refrigerator,2,8,0,1,0.5714285714285714,MEDIUM
milk,5,refrigerator,1,4,0,2,0.8,HIGH
chicken,3,refrigerator,1,12,3,2,4.0,HIGH
chicken,3,refrigerator,1,17,4,2,5.666666666666667,HIGH
onion,21,room,1,4,3,3,0.19047619047619047,MEDIUM
potato,21,room,5,15,1,1,0.7142857142857143,HIGH
orange,14,refrigerator,1,18,3,0,1.2857142857142858,HIGH
milk,5,refrigerator,5,13,0,0,2.6,HIGH
fish,2,refrigerator,5,15,3,1,7.5,HIGH
spinach,5,refrigerator,1,14,2,3,2.8,HIGH
chicken,3,refrigerator,3,21,5,0,7.0,HIGH
fish,2,refrigerator,4,3,1,1,1.5,HIGH
tomato,7,refrigerator,2,6,3,0,0.8571428571428571,MEDIUM
chicken,3,refrigerator,5,15,0,2,5.0,HIGH
fish,2,refrigerator,4,21,5,0,10.5,HIGH
carrot,21,refrigerator,3,20,1,3,0.9523809523809523,HIGH
bread,7,room,2,21,0,1,3.0,HIGH
banana,5,room,2,20,4,3,4.0,HIGH
egg,21,refrigerator,5,7,2,1,0.3333333333333333,MEDIUM
bread,7,room,1,16,4,2,2.2857142857142856,HIGH
banana,5,room,3,15,2,1,3.0,HIGH
apple,21,refrigerator,5,9,3,0,0.42857142857142855,MEDIUM
fish,2,refrigerator,3,9,1,0,4.5,HIGH
banana,5,room,1,1,3,2,0.2,LOW
milk,5,refrigerator,1,8,2,1,1.6,HIGH
spinach,5,refrigerator,5,16,2,2,3.2,HIGH
carrot,21,refrigerator,1,10,2,0,0.47619047619047616,MEDIUM
tomato,7,refrigerator,4,9,5,3,1.2857142857142858,HIGH
fish,2,refrigerator,2,21,0,2,10.5,HIGH
tomato,7,refrigerator,5,16,1,3,2.2857142857142856,HIGH
potato,21,room,3,3,3,3,0.14285714285714285,MEDIUM
chicken,3,refrigerator,4,15,3,1,5.0,HIGH
fish,2,refrigerator,5,19,4,2,9.5,HIGH
egg,21,refrigerator,1,14,2,3,0.6666666666666666,MEDIUM
fish,2,refrigerator,1,20,2,3,10.0,HIGH
onion,21,room,1,4,2,1,0.19047619047619047,LOW
spinach,5,refrigerator,1,5,3,1,1.0,HIGH
onion,21,room,3,16,4,0,0.7619047619047619,MEDIUM
fish,2,refrigerator,4,0,0,3,0.0,MEDIUM
carrot,21,refrigerator,2,18,5,0,0.8571428571428571,MEDIUM
banana,5,room,3,3,1,3,0.6,HIGH
tomato,7,refrigerator,3,16,0,0,2.2857142857142856,HIGH
carrot,21,refrigerator,2,8,3,1,0.38095238095238093,MEDIUM
fish,2,refrigerator,2,1,5,2,0.5,MEDIUM
banana,5,room,1,7,5,1,1.4,HIGH
tomato,7,refrigerator,3,14,5,0,2.0,HIGH
banana,5,room,5,6,2,0,1.2,HIGH
egg,21,refrigerator,2,5,1,2,0.23809523809523808,MEDIUM
spinach,5,refrigerator,2,0,3,3,0.0,LOW
bread,7,room,4,14,3,0,2.0,HIGH
orange,14,refrigerator,5,6,5,0,0.42857142857142855,MEDIUM
apple,21,refrigerator,5,16,3,0,0.7619047619047619,MEDIUM
carrot,21,refrigerator,2,1,1,2,0.047619047619047616,LOW
chicken,3,refrigerator,1,8,1,1,2.6666666666666665,HIGH
carrot,21,refrigerator,4,8,4,0,0.38095238095238093,MEDIUM
orange,14,refrigerator,5,12,4,2,0.8571428571428571,HIGH
bread,7,room,2,5,0,0,0.7142857142857143,MEDIUM
cabbage,14,refrigerator,5,5,1,3,0.35714285714285715,MEDIUM
milk,5,refrigerator,4,19,1,2,3.8,HIGH
egg,21,refrigerator,4,19,1,0,0.9047619047619048,HIGH
fish,2,refrigerator,3,20,4,2,10.0,HIGH
egg,21,refrigerator,2,2,5,0,0.09523809523809523,LOW
orange,14,refrigerator,4,16,5,1,1.1428571428571428,HIGH
fish,2,refrigerator,3,16,3,0,8.0,HIGH
chicken,3,refrigerator,3,11,5,2,3.6666666666666665,HIGH
onion,21,room,5,15,2,3,0.7142857142857143,HIGH
banana,5,room,5,14,4,3,2.8,HIGH
milk,5,refrigerator,3,12,1,3,2.4,HIGH
spinach,5,refrigerator,5,0,5,0,0.0,LOW
spinach,5,refrigerator,4,16,4,1,3.2,HIGH
orange,14,refrigerator,1,2,5,0,0.14285714285714285,LOW
egg,21,refrigerator,4,14,0,3,0.6666666666666666,HIGH
spinach,5,refrigerator,3,3,1,2,0.6,MEDIUM
chicken,3,refrigerator,3,3,0,3,1.0,HIGH
cabbage,14,refrigerator,4,17,1,2,1.2142857142857142,HIGH
carrot,21,refrigerator,5,16,4,1,0.7619047619047619,MEDIUM
potato,21,room,5,18,3,2,0.8571428571428571,HIGH
chicken,3,refrigerator,3,10,5,0,3.3333333333333335,HIGH
fish,2,refrigerator,2,19,5,0,9.5,HIGH
apple,21,refrigerator,5,2,2,0,0.09523809523809523,LOW
orange,14,refrigerator,4,7,0,2,0.5,HIGH
onion,21,room,5,13,5,0,0.6190476190476191,MEDIUM
banana,5,room,4,0,4,0,0.0,LOW
apple,21,refrigerator,3,13,3,0,0.6190476190476191,MEDIUM
banana,5,room,5,1,4,1,0.2,LOW
tomato,7,refrigerator,4,3,0,2,0.42857142857142855,MEDIUM
apple,21,refrigerator,3,18,2,2,0.8571428571428571,HIGH
potato,21,room,2,5,5,3,0.23809523809523808,LOW
egg,21,refrigerator,4,0,4,2,0.0,LOW
cabbage,14,refrigerator,2,16,1,1,1.1428571428571428,HIGH
carrot,21,refrigerator,2,7,3,2,0.3333333333333333,MEDIUM
carrot,21,refrigerator,1,18,4,1,0.8571428571428571,MEDIUM
cabbage,14,refrigerator,5,20,3,1,1.4285714285714286,HIGH
milk,5,refrigerator,4,0,5,2,0.0,LOW
tomato,7,refrigerator,2,4,1,3,0.5714285714285714,HIGH
banana,5,room,1,15,2,0,3.0,HIGH
potato,21,room,3,5,2,0,0.23809523809523808,LOW
spinach,5,refrigerator,4,7,1,2,1.4,HIGH
apple,21,refrigerator,2,12,3,2,0.5714285714285714,MEDIUM
tomato,7,refrigerator,5,15,5,1,2.142857142857143,HIGH
chicken,3,refrigerator,1,2,4,2,0.6666666666666666,MEDIUM
orange,14,refrigerator,2,18,1,1,1.2857142857142858,HIGH
apple,21,refrigerator,5,11,0,3,0.5238095238095238,HIGH
potato,21,room,2,15,3,2,0.7142857142857143,MEDIUM
onion,21,room,4,10,2,0,0.47619047619047616,MEDIUM
onion,21,room,4,9,1,0,0.42857142857142855,MEDIUM
fish,2,refrigerator,4,19,2,2,9.5,HIGH
tomato,7,refrigerator,1,3,3,1,0.42857142857142855,MEDIUM
egg,21,refrigerator,4,11,2,0,0.5238095238095238,MEDIUM
potato,21,room,5,1,1,1,0.047619047619047616,MEDIUM
potato,21,room,2,21,3,2,1.0,HIGH
cabbage,14,refrigerator,3,18,0,2,1.2857142857142858,HIGH
chicken,3,refrigerator,5,4,1,0,1.3333333333333333,HIGH
egg,21,refrigerator,5,7,4,2,0.3333333333333333,MEDIUM
chicken,3,refrigerator,4,6,5,3,2.0,HIGH
banana,5,room,1,13,1,3,2.6,HIGH
banana,5,room,2,2,3,0,0.4,LOW
spinach,5,refrigerator,1,17,5,3,3.4,HIGH
fish,2,refrigerator,2,15,1,1,7.5,HIGH
carrot,21,refrigerator,2,18,0,0,0.8571428571428571,HIGH
onion,21,room,1,18,0,0,0.8571428571428571,HIGH
orange,14,refrigerator,5,17,4,1,1.2142857142857142,HIGH
banana,5,room,2,19,2,3,3.8,HIGH
egg,21,refrigerator,1,15,5,3,0.7142857142857143,MEDIUM
potato,21,room,2,7,3,3,0.3333333333333333,MEDIUM
orange,14,refrigerator,3,0,3,0,0.0,LOW
bread,7,room,5,16,2,0,2.2857142857142856,HIGH
chicken,3,refrigerator,4,11,0,3,3.6666666666666665,HIGH
banana,5,room,2,20,0,2,4.0,HIGH
potato,21,room,3,10,1,3,0.47619047619047616,MEDIUM
banana,5,room,4,4,4,1,0.8,MEDIUM
onion,21,room,4,11,5,0,0.5238095238095238,MEDIUM
bread,7,room,2,16,4,1,2.2857142857142856,HIGH
apple,21,refrigerator,1,5,4,1,0.23809523809523808,LOW
banana,5,room,2,0,1,0,0.0,LOW
egg,21,refrigerator,3,4,4,2,0.19047619047619047,LOW
banana,5,room,4,13,2,3,2.6,HIGH
carrot,21,refrigerator,2,4,1,1,0.19047619047619047,MEDIUM
orange,14,refrigerator,1,21,2,0,1.5,HIGH
orange,14,refrigerator,2,0,1,1,0.0,LOW
onion,21,room,5,17,4,3,0.8095238095238095,HIGH
egg,21,refrigerator,1,15,2,2,0.7142857142857143,MEDIUM
bread,7,room,3,8,2,2,1.1428571428571428,HIGH
cabbage,14,refrigerator,4,18,2,2,1.2857142857142858,HIGH
egg,21,refrigerator,2,21,1,0,1.0,HIGH
orange,14,refrigerator,1,4,3,0,0.2857142857142857,LOW
carrot,21,refrigerator,5,1,4,2,0.047619047619047616,LOW
apple,21,refrigerator,1,14,2,3,0.6666666666666666,MEDIUM
onion,21,room,5,6,5,3,0.2857142857142857,MEDIUM
cabbage,14,refrigerator,3,3,3,0,0.21428571428571427,LOW
